geometry,amenity,healthcare,name,longitude,latitude,nearby_hospital_count,nearby_clinic_count,nearby_bank_count,nearby_atm_count,nearby_supermarket_count,nearby_bus_stop_count,Business_viability_score,loan_eligibility_proxy
POINT (80.243327 13.0645397),pharmacy,pharmacy,Apollo Pharmacy,80.243327,13.0645397,3,2,5,2,0,4,2.5500000000000003,0
POINT (80.2555018 13.0348418),pharmacy,pharmacy,Appolo,80.25550180000002,13.034841800000002,10,4,6,1,3,7,5.1499999999999995,1
POINT (80.2517685 13.0386303),pharmacy,pharmacy,Sugam,80.2517685,13.038630299999996,3,0,3,2,2,6,2.55,0
POINT (80.2502927 13.039551),pharmacy,pharmacy,Sugam,80.2502927,13.039551,1,0,4,4,2,7,2.75,0
POINT (80.2500307 13.0402754),pharmacy,pharmacy,Unknown,80.2500307,13.0402754,1,0,8,4,2,5,3.05,1
POINT (80.2429776 13.0202464),pharmacy,pharmacy,Unknown,80.2429776,13.020246399999998,0,0,0,0,1,2,0.44999999999999996,0
POINT (80.2429432 13.0201628),pharmacy,pharmacy,Unknown,80.2429432,13.0201628,0,0,0,0,1,2,0.44999999999999996,0
POINT (80.2040147 13.0540717),pharmacy,pharmacy,Abhirami Medicals,80.2040147,13.054071699999996,6,9,0,0,2,4,3.4499999999999997,1
POINT (80.1939439 13.0570316),pharmacy,pharmacy,Geetha Pharmacy,80.1939439,13.0570316,4,2,4,4,2,3,3.05,1
POINT (80.2083688 13.0726659),pharmacy,pharmacy,Seven Star Pharmacy,80.2083688,13.0726659,1,0,1,0,2,1,0.7999999999999999,0
POINT (80.2272823 13.04426),pharmacy,pharmacy,Unknown,80.22728230000001,13.044259999999998,2,1,3,2,1,2,1.7499999999999998,0
POINT (80.1859118 13.039837),pharmacy,pharmacy,MedPlus,80.1859118,13.039837,3,1,0,0,1,1,1.05,0
POINT (80.2081591 13.0706398),pharmacy,pharmacy,Seetha Medicals,80.2081591,13.0706398,1,0,2,4,1,2,1.55,0
POINT (80.2039626 13.0529156),pharmacy,pharmacy,Om Medicals,80.2039626,13.0529156,7,9,0,0,2,3,3.5,1
POINT (80.2539531 13.029475),pharmacy,pharmacy,Apollo,80.2539531,13.029475,6,1,2,0,3,8,3.3,1
POINT (80.2638653 13.0279792),pharmacy,pharmacy,Capz and Tabz,80.2638653,13.0279792,5,3,1,0,1,10,3.25,1
POINT (80.2028228 12.9267155),pharmacy,pharmacy,Unknown,80.2028228,12.926715499999998,3,6,2,0,1,2,2.25,0
POINT (80.1805122 13.0386116),pharmacy,pharmacy,Uma Medicals,80.1805122,13.038611599999998,3,1,0,0,0,1,0.9000000000000001,0
POINT (80.2581824 12.9738813),pharmacy,pharmacy,Meiyappan Medicals,80.2581824,12.973881299999997,5,5,2,2,2,4,3.25,1
POINT (80.2371106 13.1417058),pharmacy,pharmacy,Ganapathy medicals,80.2371106,13.141705800000002,2,0,1,0,0,1,0.7000000000000001,0
POINT (80.2289781 12.9809069),pharmacy,pharmacy,Unknown,80.2289781,12.980906900000004,1,0,1,0,2,6,1.5499999999999998,0
POINT (80.2029696 12.9294425),pharmacy,pharmacy,Saravana Medicals,80.2029696,12.9294425,4,6,2,1,0,4,2.75,0
POINT (80.2018315 12.9283338),pharmacy,pharmacy,Unknown,80.2018315,12.9283338,4,6,2,1,1,3,2.75,0
POINT (80.270192 13.0266818),pharmacy,pharmacy,Periyandaver Pharmacy,80.270192,13.0266818,0,2,0,0,0,1,0.44999999999999996,0
POINT (80.2182562 12.970622),pharmacy,pharmacy,Jayanthi Enterprise,80.2182562,12.970621999999995,0,2,4,0,4,2,1.8,0
POINT (80.2079408 13.0728115),pharmacy,pharmacy,Siva Medicals,80.2079408,13.072811499999998,2,0,1,0,2,1,1.0,0
POINT (80.1880567 12.9796042),pharmacy,pharmacy,Apollo Pharmacy,80.1880567,12.9796042,9,0,9,3,2,5,4.6499999999999995,1
POINT (80.1882119 12.9810527),pharmacy,pharmacy,Gokul Medicals,80.1882119,12.9810527,10,1,9,4,4,6,5.6,1
POINT (80.2050048 13.0677514),pharmacy,pharmacy,Apollo Pharmacy,80.2050048,13.0677514,1,0,2,6,1,2,1.8499999999999999,0
POINT (80.2163029 13.0346459),pharmacy,pharmacy,Rajan Opticals,80.2163029,13.034645899999996,3,2,6,2,4,5,3.45,1
POINT (80.2166274 13.0385891),pharmacy,pharmacy,Agarwal,80.2166274,13.038589099999998,4,3,4,3,3,5,3.5,1
POINT (80.1885197 12.9860357),pharmacy,pharmacy,Apollo Pharmacy,80.1885197,12.9860357,5,2,11,6,3,6,5.199999999999999,1
POINT (80.188611 12.9843945),pharmacy,pharmacy,Ambhika Medicals,80.188611,12.9843945,6,2,12,6,4,8,6.0,1
POINT (80.1881281 12.9872328),pharmacy,pharmacy,MedPlus,80.1881281,12.987232799999996,4,2,10,4,0,6,4.1,1
POINT (80.215805 13.0904821),pharmacy,pharmacy,Apollo Pharmacy,80.215805,13.090482099999996,4,1,1,1,2,3,2.0,0
POINT (80.1881307 12.9806725),pharmacy,pharmacy,Roja Medicals,80.1881307,12.980672500000004,10,1,9,4,4,6,5.6,1
POINT (80.1748512 13.0158622),pharmacy,pharmacy,LAB,80.1748512,13.0158622,1,0,1,2,3,3,1.5499999999999998,0
POINT (80.1748112 13.015755),pharmacy,pharmacy,Unknown,80.1748112,13.015755,1,0,1,2,3,3,1.5499999999999998,0
POINT (80.1903162 12.9886621),pharmacy,pharmacy,Shri Ganesh Pharmacy,80.1903162,12.9886621,2,2,3,4,0,1,1.9,0
POINT (80.2204682 13.0249589),pharmacy,pharmacy,Apollo Pharmacy,80.2204682,13.024958899999996,2,5,2,12,2,1,3.6999999999999997,1
POINT (80.2204111 13.0248573),pharmacy,pharmacy,Sushil Medicals,80.2204111,13.0248573,2,5,3,13,2,1,3.9999999999999996,1
POINT (80.221673 13.0250873),pharmacy,pharmacy,Sri Ram Medicals,80.221673,13.025087299999996,2,5,3,10,2,1,3.55,1
POINT (80.2207562 13.0249743),pharmacy,pharmacy,Amman Medicals,80.2207562,13.024974299999998,2,5,3,12,2,1,3.8499999999999996,1
POINT (80.2203146 13.0249507),pharmacy,pharmacy,Ganesh Medicals,80.2203146,13.024950699999996,2,5,2,12,2,1,3.6999999999999997,1
POINT (80.2213774 13.0250178),pharmacy,pharmacy,Naga Medicals,80.2213774,13.0250178,2,5,3,11,2,1,3.6999999999999997,1
POINT (80.2231695 13.0242117),pharmacy,pharmacy,Sri Karaneeswarar Medicals,80.2231695,13.0242117,5,5,4,10,2,5,4.9,1
POINT (80.2211617 13.0222576),pharmacy,pharmacy,Udayam Medicals,80.2211617,13.0222576,4,5,3,17,2,4,5.449999999999999,1
POINT (80.2194646 13.0216638),pharmacy,pharmacy,Sri Iyappa Medicals,80.21946460000001,13.021663799999995,2,4,1,17,1,1,3.9999999999999996,1
POINT (80.2245935 13.0221323),pharmacy,pharmacy,Unknown,80.2245935,13.022132299999996,6,3,4,11,2,6,5.1,1
POINT (80.2213776 13.0395967),pharmacy,pharmacy,Jaya Medicals,80.2213776,13.039596700000002,3,0,8,5,1,4,3.3,1
POINT (80.2168255 13.0247344),pharmacy,pharmacy,MedPlus,80.2168255,13.024734399999998,0,2,1,6,1,2,1.7999999999999998,0
POINT (80.2207542 13.0221564),pharmacy,pharmacy,Saranya Medicals,80.2207542,13.022156400000002,4,5,3,19,2,2,5.449999999999999,1
POINT (80.2206601 13.0222453),pharmacy,pharmacy,Saravana Medicals,80.2206601,13.022245299999998,4,5,3,20,2,1,5.45,1
POINT (80.224325 13.0218682),pharmacy,pharmacy,Sayer Pharmacy,80.224325,13.0218682,6,4,4,11,2,6,5.25,1
POINT (80.2226021 13.0221953),pharmacy,pharmacy,Sindhu Pharmacy,80.2226021,13.022195299999996,5,5,3,16,2,6,5.799999999999999,1
POINT (80.2199272 13.0222897),pharmacy,pharmacy,Vasantham Medicals,80.2199272,13.022289700000002,4,5,2,19,2,1,5.15,1
POINT (80.2194413 13.0224517),pharmacy,pharmacy,Unknown,80.21944130000001,13.022451699999998,2,4,2,18,2,1,4.45,1
POINT (80.2243017 12.9867053),pharmacy,pharmacy,Unknown,80.2243017,12.986705300000002,0,0,4,1,3,3,1.65,0
POINT (80.2777363 13.0922553),pharmacy,pharmacy,Unknown,80.2777363,13.092255299999996,2,1,12,5,2,1,3.5499999999999994,1
POINT (80.2291961 12.9857194),pharmacy,pharmacy,Gandhi Pharmacy,80.2291961,12.9857194,3,0,1,1,3,4,1.9500000000000002,0
POINT (80.2185088 13.0242543),pharmacy,pharmacy,Maruthi Pharmacy,80.2185088,13.024254300000004,2,3,1,9,3,1,2.9499999999999997,1
POINT (80.2249547 13.0419746),pharmacy,pharmacy,West Mambalam Pharmacy,80.2249547,13.041974599999998,1,1,2,3,0,2,1.4,0
POINT (80.2257791 13.0420421),pharmacy,pharmacy,Jeyalakshmi Medicals,80.2257791,13.0420421,2,1,2,4,0,2,1.7499999999999998,0
POINT (80.2410405 13.0172184),pharmacy,pharmacy,Madras Medicals,80.2410405,13.0172184,2,0,0,0,1,1,0.7000000000000001,0
POINT (80.2212706 13.0391259),pharmacy,pharmacy,Vinodh Medicals,80.2212706,13.039125899999997,3,1,9,6,1,3,3.5999999999999996,1
POINT (80.2563513 12.9991848),pharmacy,pharmacy,Andavar Medicals,80.2563513,12.9991848,6,4,6,2,0,4,3.6,1
POINT (80.257968 12.9992548),pharmacy,pharmacy,Nagappa Pharmacy,80.257968,12.9992548,7,4,5,2,0,4,3.6500000000000004,1
POINT (80.2566841 12.9991541),pharmacy,pharmacy,MedPlus,80.2566841,12.999154100000002,6,4,6,2,0,4,3.6,1
POINT (80.2226905 13.0363292),pharmacy,pharmacy,Apollo Pharmacy,80.2226905,13.0363292,2,1,9,4,1,2,2.9499999999999997,1
POINT (80.2230223 13.0366726),pharmacy,pharmacy,Mumtaz Medicals,80.2230223,13.0366726,2,1,9,5,1,2,3.0999999999999996,1
POINT (80.2222656 13.0362675),pharmacy,pharmacy,Saravana Medicals,80.2222656,13.0362675,2,1,9,5,1,2,3.0999999999999996,1
POINT (80.2230191 13.0368258),pharmacy,pharmacy,Dhanalakshmi Medicals,80.2230191,13.0368258,2,1,9,5,1,2,3.0999999999999996,1
POINT (80.2182467 12.985733),pharmacy,pharmacy,Specialist Pharmacy,80.2182467,12.985733,4,0,0,0,3,3,1.7,0
POINT (80.2282833 12.9859425),pharmacy,pharmacy,Unknown,80.2282833,12.985942499999998,3,0,1,1,2,1,1.35,0
POINT (80.2274512 12.9861154),pharmacy,pharmacy,Appolo Pharmacy,80.2274512,12.986115399999996,3,0,1,1,2,3,1.6500000000000001,0
POINT (80.195286 13.0597957),pharmacy,pharmacy,Unknown,80.195286,13.0597957,3,2,5,4,2,5,3.3,1
POINT (80.2765499 13.0610433),pharmacy,pharmacy,Shree Devi Medicals,80.2765499,13.0610433,8,3,1,2,0,3,2.95,1
POINT (80.2025632 12.9293923),pharmacy,pharmacy,Unknown,80.2025632,12.9293923,4,6,2,1,1,3,2.75,0
POINT (80.1833846 13.0275425),pharmacy,pharmacy,Unknown,80.1833846,13.027542499999996,2,2,1,2,0,3,1.6,0
POINT (80.2142544 13.0339283),pharmacy,pharmacy,Apollo Pharmacy,80.2142544,13.0339283,2,1,8,3,4,11,4.449999999999999,1
POINT (80.2111207 12.9645947),pharmacy,pharmacy,Unknown,80.2111207,12.9645947,1,0,0,3,1,3,1.25,0
POINT (80.2076115 12.9651772),pharmacy,pharmacy,Unknown,80.20761150000001,12.9651772,1,0,1,1,2,4,1.4,0
POINT (80.2070403 12.9651808),pharmacy,pharmacy,Unknown,80.2070403,12.9651808,1,0,1,1,2,4,1.4,0
POINT (80.2064949 12.9653086),pharmacy,pharmacy,Unknown,80.2064949,12.9653086,1,0,1,1,3,4,1.5499999999999998,0
POINT (80.2065693 12.9654845),pharmacy,pharmacy,Unknown,80.2065693,12.965484499999995,1,0,1,1,3,4,1.5499999999999998,0
POINT (80.1885088 13.090139),pharmacy,pharmacy,Unknown,80.1885088,13.090139,3,0,0,0,2,2,1.2000000000000002,0
POINT (80.2246668 13.0313163),pharmacy,pharmacy,Sri Krishna Medicals,80.2246668,13.0313163,6,3,0,2,0,4,2.5500000000000003,0
POINT (80.2630412 13.0396163),pharmacy,pharmacy,Gokul XRAY,80.2630412,13.039616300000002,5,6,4,0,1,9,4.0,1
POINT (80.2030609 13.0856902),pharmacy,pharmacy,Sukham Pharmacy,80.2030609,13.0856902,3,2,3,2,3,1,2.25,0
POINT (80.2568782 12.9658654),pharmacy,pharmacy,Shifa Medicals,80.2568782,12.9658654,1,1,0,1,1,5,1.4,0
POINT (80.2588333 12.9752059),pharmacy,pharmacy,Apollo Pharmacy,80.2588333,12.975205900000002,4,7,3,5,3,2,3.8,1
POINT (80.2584682 12.9738038),pharmacy,pharmacy,Sri Meyyappa Medicals,80.2584682,12.973803799999995,5,5,2,2,2,5,3.4,1
POINT (80.2090829 13.1026223),pharmacy,pharmacy,S.R. Medicals,80.2090829,13.1026223,1,3,2,5,1,3,2.3,0
POINT (80.2089167 13.1026662),pharmacy,pharmacy,MedPlus,80.2089167,13.102666199999998,0,3,2,5,1,3,2.0999999999999996,0
POINT (80.2076852 13.105724),pharmacy,pharmacy,Sri Bhagavan Medicals,80.2076852,13.105724,0,3,2,7,1,4,2.55,0
POINT (80.2061087 13.1076791),pharmacy,pharmacy,Sri Azhagu Medicals,80.2061087,13.107679100000002,0,2,1,7,0,2,1.8,0
POINT (80.2062148 13.1092819),pharmacy,pharmacy,Thai Medical and Generals,80.2062148,13.109281900000004,0,1,0,5,0,2,1.2,0
POINT (80.2075899 13.1036499),pharmacy,pharmacy,Gurudev Pharmacy,80.2075899,13.1036499,1,3,2,5,1,3,2.3,0
POINT (80.2122632 13.0847337),pharmacy,pharmacy,Narayanappah Pharmacy,80.2122632,13.084733699999996,6,0,1,1,1,7,2.7,0
POINT (80.199355 13.0852419),pharmacy,pharmacy,Sathya Pharmacy,80.199355,13.0852419,5,3,2,6,2,5,3.7,1
POINT (80.1925899 13.0857391),pharmacy,pharmacy,A.R.R. Pharmacy,80.1925899,13.0857391,0,1,0,5,1,2,1.35,0
POINT (80.1924583 13.085025),pharmacy,pharmacy,MedPlus,80.1924583,13.085025,0,1,0,5,0,2,1.2,0
POINT (80.1924194 13.0847424),pharmacy,pharmacy,Madha Medicals,80.1924194,13.0847424,0,1,0,5,0,2,1.2,0
POINT (80.1974921 13.0873798),pharmacy,pharmacy,Coopertive Medicals,80.1974921,13.0873798,3,2,0,6,2,6,3.0,1
POINT (80.2123839 13.0349633),pharmacy,pharmacy,Ashok Medicals,80.2123839,13.0349633,3,3,9,3,3,13,5.25,1
POINT (80.1920654 13.0833415),pharmacy,pharmacy,Anbu Medicals,80.1920654,13.083341499999998,0,2,0,5,0,0,1.05,0
POINT (80.2293617 12.9814619),pharmacy,pharmacy,Nanomed Clinical Lab,80.2293617,12.981461899999994,3,0,0,1,3,6,2.1,0
POINT (80.2387258 13.0770009),pharmacy,pharmacy,The Guest Pharmacy,80.2387258,13.077000899999998,11,3,0,1,0,0,2.8,0
POINT (80.2798104 13.0860154),pharmacy,pharmacy,Unknown,80.27981040000002,13.0860154,1,0,9,3,3,4,3.05,1
POINT (80.2099301 13.105607),pharmacy,pharmacy,VM Medicals,80.2099301,13.105606999999996,1,3,2,6,1,4,2.5999999999999996,0
POINT (80.2077057 13.108615),pharmacy,pharmacy,MedPlus,80.2077057,13.108615,0,2,1,7,0,2,1.8,0
POINT (80.1970993 13.0874373),pharmacy,pharmacy,Jayalakshmi Medicals,80.1970993,13.0874373,3,2,0,8,2,5,3.15,1
POINT (80.2520126 13.0853754),pharmacy,pharmacy,Unknown,80.2520126,13.085375399999998,6,0,0,0,0,5,1.9500000000000002,0
POINT (80.2773224 13.0636828),pharmacy,pharmacy,Unknown,80.2773224,13.0636828,6,3,0,2,0,2,2.25,0
POINT (80.2739292 13.0651517),pharmacy,pharmacy,Unknown,80.2739292,13.0651517,7,3,1,10,0,2,3.8,1
POINT (80.274789 13.0634397),pharmacy,pharmacy,Unknown,80.274789,13.063439699999998,6,3,1,5,0,2,2.8499999999999996,0
POINT (80.2568577 13.0025112),pharmacy,pharmacy,Unknown,80.2568577,13.0025112,4,2,4,2,0,4,2.6,0
POINT (80.256108 12.9909409),pharmacy,pharmacy,Unknown,80.256108,12.990940899999998,4,2,3,2,0,7,2.9000000000000004,0
POINT (80.2567379 13.0063273),pharmacy,pharmacy,Unknown,80.25673790000002,13.0063273,2,1,1,0,2,8,2.2,0
POINT (80.2540769 13.1636875),pharmacy,pharmacy,Farmatodo,80.2540769,13.1636875,1,0,0,0,0,0,0.2,0
POINT (80.1981286 12.964259),pharmacy,pharmacy,Apollo Pharmacy,80.1981286,12.964259,1,0,0,1,1,5,1.25,0
POINT (80.2375289 12.967751),pharmacy,pharmacy,Annai Pharmacy,80.2375289,12.967751,0,0,0,0,2,0,0.3,0
POINT (80.1919715 12.9742292),pharmacy,pharmacy,Apollo Pharmacy,80.1919715,12.974229199999998,1,0,4,7,2,2,2.4499999999999997,0
POINT (80.2102579 13.0275307),pharmacy,pharmacy,Raasi Medicals,80.2102579,13.0275307,4,2,3,6,2,4,3.3499999999999996,1
POINT (80.212303 13.0287197),pharmacy,pharmacy,Med Pharmacy,80.212303,13.028719699999998,4,2,5,6,2,6,3.9499999999999997,1
POINT (80.2086055 13.02906),pharmacy,pharmacy,Ashok Pharmacy,80.2086055,13.02906,3,2,4,6,2,4,3.3,1
POINT (80.2116224 13.0312946),pharmacy,pharmacy,Ashok Nagar Pharmacy,80.21162240000001,13.0312946,3,2,6,6,3,10,4.6499999999999995,1
POINT (80.2677253 12.9949059),pharmacy,pharmacy,Unknown,80.2677253,12.994905899999996,1,9,3,4,2,2,3.1999999999999993,1
POINT (80.2237405 12.9824657),pharmacy,pharmacy,Rajesh Medicals,80.2237405,12.9824657,2,1,9,3,4,3,3.4000000000000004,1
POINT (80.2225954 12.9765915),pharmacy,pharmacy,Rasi Medicals,80.2225954,12.9765915,7,2,8,5,2,3,4.3999999999999995,1
POINT (80.1897991 12.9738116),pharmacy,pharmacy,Vaani pharmacy,80.1897991,12.9738116,4,0,4,6,3,2,3.05,1
POINT (80.1830158 12.97952),pharmacy,pharmacy,Apollo Pharmacy,80.1830158,12.979520000000004,6,1,2,5,0,6,3.3,1
POINT (80.1831606 12.978187),pharmacy,pharmacy,Sunshine Pharmacy,80.18316060000001,12.978187,4,1,2,5,0,5,2.75,0
POINT (80.1832156 12.9754445),pharmacy,pharmacy,MedPlus,80.1832156,12.975444500000002,4,1,1,5,0,5,2.6,0
POINT (80.2015444 13.1279965),pharmacy,pharmacy,MedPlus,80.2015444,13.1279965,1,1,2,3,4,3,2.1499999999999995,0
POINT (80.2214223 12.9818118),pharmacy,pharmacy,Apollo Pharmacy,80.2214223,12.9818118,4,1,11,3,4,3,4.1000000000000005,1
POINT (80.289305 13.0957863),pharmacy,pharmacy,Azeez Medicals,80.289305,13.095786300000002,3,2,19,7,0,6,5.699999999999999,1
POINT (80.2890778 13.0963862),pharmacy,pharmacy,City Medicals,80.2890778,13.0963862,3,1,17,7,0,7,5.4,1
POINT (80.2896858 13.0966093),pharmacy,pharmacy,Alahu Pharmacy,80.2896858,13.096609299999995,3,1,17,7,0,6,5.25,1
POINT (80.1569836 13.0999545),pharmacy,pharmacy,Medplus Pharmacy,80.1569836,13.0999545,0,0,0,0,1,2,0.44999999999999996,0
POINT (80.2674654 12.9985283),pharmacy,pharmacy,Apollo Pharmacy,80.2674654,12.9985283,1,8,3,4,1,3,3.05,1
POINT (80.2675071 12.9983979),pharmacy,pharmacy,Maharaja Medicals,80.2675071,12.998397900000002,1,8,3,4,1,3,3.05,1
POINT (80.2675508 12.9982648),pharmacy,pharmacy,Shobika Pharmacy,80.2675508,12.998264799999998,1,8,3,4,1,3,3.05,1
POINT (80.2762181 13.1020684),pharmacy,pharmacy,Right Pharmacy,80.2762181,13.1020684,0,0,5,2,0,5,1.8,0
POINT (80.2775936 13.1023245),pharmacy,pharmacy,Rajeshwar Medicals,80.2775936,13.1023245,2,0,5,2,0,5,2.2,0
POINT (80.2922949 13.1010225),pharmacy,pharmacy,K. S. Medicals,80.2922949,13.1010225,0,0,2,5,0,1,1.2,0
POINT (80.285492 13.0963175),pharmacy,pharmacy,MAS Medicals,80.285492,13.096317499999996,3,2,9,6,0,4,3.7499999999999996,1
POINT (80.2885735 13.0996018),pharmacy,pharmacy,London Medicals,80.2885735,13.0996018,2,1,6,11,0,4,3.6999999999999997,1
POINT (80.2801353 13.0998732),pharmacy,pharmacy,Mahaveer Pharmacy,80.2801353,13.099873199999998,5,5,8,3,1,0,3.5500000000000003,1
POINT (80.2821469 13.0886282),pharmacy,pharmacy,Malick Medicals,80.2821469,13.0886282,1,0,16,5,1,4,4.1,1
POINT (80.2846756 13.1047093),pharmacy,pharmacy,Arrahman Medicals and Surgicals,80.2846756,13.104709299999994,3,1,1,0,0,2,1.2000000000000002,0
POINT (80.2845635 13.1041557),pharmacy,pharmacy,Taj Medicals,80.2845635,13.1041557,4,1,1,1,0,2,1.55,0
POINT (80.2845792 13.104237),pharmacy,pharmacy,Sree Sai Medicals,80.28457920000001,13.104236999999998,4,1,1,1,0,2,1.55,0
POINT (80.2801324 13.094219),pharmacy,pharmacy,Shri Rajeshwar Medical,80.2801324,13.094219000000002,5,5,11,3,2,0,4.1499999999999995,1
POINT (80.2844478 13.0943423),pharmacy,pharmacy,Gem Medicals,80.2844478,13.0943423,1,2,14,3,0,4,3.65,1
POINT (80.2800895 13.0980692),pharmacy,pharmacy,Sharma Medicals,80.2800895,13.0980692,5,5,7,2,2,0,3.3999999999999995,1
POINT (80.280902 13.0950834),pharmacy,pharmacy,MedPlus,80.280902,13.0950834,5,5,11,3,2,0,4.1499999999999995,1
POINT (80.2805799 13.0951375),pharmacy,pharmacy,Pooja Medical Store,80.2805799,13.0951375,5,5,11,3,2,0,4.1499999999999995,1
POINT (80.2829543 13.0985389),pharmacy,pharmacy,Sri Lakhsmi Medical,80.2829543,13.098538899999998,6,5,9,6,1,3,4.8,1
POINT (80.2798882 13.0966762),pharmacy,pharmacy,Raj Pharma,80.2798882,13.0966762,5,5,8,3,2,0,3.7,1
POINT (80.2799116 13.0971475),pharmacy,pharmacy,MedPlus,80.2799116,13.0971475,5,5,8,3,2,0,3.7,1
POINT (80.2799933 13.0983705),pharmacy,pharmacy,Shaarave Pharmacy,80.2799933,13.0983705,5,5,8,3,2,0,3.7,1
POINT (80.2800047 13.0984538),pharmacy,pharmacy,Shub Pharmacy,80.2800047,13.098453799999998,5,5,8,3,2,0,3.7,1
POINT (80.279267 13.0965461),pharmacy,pharmacy,Raj Pharmacy,80.279267,13.096546099999998,6,5,8,3,2,0,3.9000000000000004,1
POINT (80.279622 13.0946147),pharmacy,pharmacy,Shri Soni Medicals,80.279622,13.0946147,5,5,10,3,2,0,4.0,1
POINT (80.2798307 13.0958575),pharmacy,pharmacy,Lal Medicals,80.2798307,13.0958575,5,5,10,3,2,0,4.0,1
POINT (80.2789801 13.0966294),pharmacy,pharmacy,Renuka Medicals,80.2789801,13.096629399999996,6,5,7,3,2,0,3.75,1
POINT (80.2815594 13.0949718),pharmacy,pharmacy,Rajeshwar Medical,80.2815594,13.0949718,5,5,11,3,2,0,4.1499999999999995,1
POINT (80.2843568 13.1024943),pharmacy,pharmacy,Eswari Medicals,80.2843568,13.102494300000002,6,1,5,4,0,3,3.1500000000000004,1
POINT (80.2804979 13.098293),pharmacy,pharmacy,J.K. Medicals,80.2804979,13.098293,5,5,7,3,2,0,3.55,1
POINT (80.2805193 13.0973731),pharmacy,pharmacy,Akshathaa Medical,80.2805193,13.0973731,5,5,8,3,2,0,3.7,1
POINT (80.2844014 13.0976163),pharmacy,pharmacy,Prem Medicals,80.2844014,13.0976163,4,4,9,6,0,4,4.25,1
POINT (80.2798674 13.0926295),pharmacy,pharmacy,Mahaveer Medicals,80.2798674,13.0926295,2,2,10,6,2,0,3.3999999999999995,1
POINT (80.2128608 13.0854072),pharmacy,pharmacy,Apollo Pharmacy,80.2128608,13.085407199999995,6,1,1,1,1,7,2.8499999999999996,0
POINT (80.1747522 13.0850035),pharmacy,pharmacy,Apollo Pharmacy,80.17475220000001,13.0850035,1,0,4,3,0,1,1.4,0
POINT (80.2217887 13.0414646),pharmacy,pharmacy,Easwar medicals,80.2217887,13.0414646,2,0,6,3,1,2,2.1999999999999997,0
POINT (80.2223127 13.0439094),pharmacy,pharmacy,Apollo Pharmacy,80.2223127,13.0439094,4,0,1,1,0,2,1.4000000000000001,0
POINT (80.2263207 13.0467824),pharmacy,pharmacy,Apollo Pharmacy,80.2263207,13.046782399999998,2,0,3,0,2,0,1.15,0
POINT (80.2258794 13.0454549),pharmacy,pharmacy,Jayalaksmi medicals,80.2258794,13.0454549,3,0,2,1,2,2,1.6500000000000001,0
POINT (80.2252034 13.0427579),pharmacy,pharmacy,MedPlus,80.2252034,13.042757900000002,1,1,2,2,0,2,1.25,0
POINT (80.2251597 13.0426041),pharmacy,pharmacy,Velavan medical shop,80.2251597,13.042604099999998,1,1,2,2,0,2,1.25,0
POINT (80.2752804 13.0826287),pharmacy,pharmacy,Apollo,80.2752804,13.0826287,3,1,1,4,2,9,3.15,1
POINT (80.2821281 13.1017714),pharmacy,pharmacy,K.M Medicals,80.2821281,13.1017714,6,1,7,3,0,0,2.85,0
POINT (80.2798772 13.1026634),pharmacy,pharmacy,Sugam Medicals,80.2798772,13.102663399999996,5,2,5,2,0,4,2.9499999999999997,1
POINT (80.2487015 13.1317646),pharmacy,pharmacy,SIVA,80.2487015,13.1317646,1,1,0,0,0,0,0.35,0
POINT (80.2837444 13.1003427),pharmacy,pharmacy,Ameer Medicals,80.2837444,13.1003427,7,3,11,6,0,2,4.699999999999999,1
POINT (80.2842053 13.1029082),pharmacy,pharmacy,Raghavendra Medicals,80.2842053,13.102908199999998,5,1,5,2,0,3,2.6499999999999995,0
POINT (80.2836839 13.0994602),pharmacy,pharmacy,Rithick Medicals,80.2836839,13.0994602,6,4,10,7,0,2,4.6499999999999995,1
POINT (80.2670713 13.0374893),pharmacy,pharmacy,RR Pharmacy,80.2670713,13.037489300000004,1,3,6,1,0,16,4.1,1
POINT (80.2158837 12.8784555),pharmacy,pharmacy,Apollo Pharmacy,80.21588370000002,12.8784555,0,0,0,1,0,1,0.3,0
POINT (80.2163126 12.8784034),pharmacy,pharmacy,MedPlus,80.2163126,12.8784034,0,0,0,1,0,1,0.3,0
POINT (80.3145268 13.1918073),pharmacy,pharmacy,Piramal Pharma,80.3145268,13.1918073,0,3,0,0,0,3,0.8999999999999999,0
POINT (80.2318455 13.070634),pharmacy,pharmacy,MedPlus,80.2318455,13.070634,2,1,0,1,0,2,1.0,0
POINT (80.230545 13.0720446),pharmacy,pharmacy,Saffra Medicals,80.230545,13.0720446,4,1,1,2,0,1,1.5499999999999998,0
POINT (80.2303466 13.0722669),pharmacy,pharmacy,Daksha Pharmacy,80.2303466,13.0722669,4,1,1,2,0,1,1.5499999999999998,0
POINT (80.2056404 12.9913691),pharmacy,pharmacy,Star Pharmacy Adambakkam,80.2056404,12.9913691,2,0,0,0,0,1,0.55,0
POINT (80.2101864 12.990467),pharmacy,pharmacy,Star Pharmacy,80.2101864,12.990467,1,0,0,0,0,0,0.2,0
POINT (80.2404197 13.0497595),pharmacy,pharmacy,MedPlus,80.2404197,13.0497595,5,0,5,1,2,6,3.0999999999999996,1
POINT (80.2403622 13.0506559),pharmacy,pharmacy,Muthu Pharmacy,80.2403622,13.0506559,3,2,4,1,0,4,2.25,0
POINT (80.2313444 13.014314),pharmacy,pharmacy,Tamil medicals,80.2313444,13.014314,0,1,1,1,0,0,0.44999999999999996,0
POINT (80.229668 13.0149158),pharmacy,pharmacy,Cure blue pharmacy,80.229668,13.0149158,0,1,1,1,0,2,0.75,0
POINT (80.2273112 13.0124007),pharmacy,pharmacy,முத்து பார்மஸி,80.2273112,13.0124007,1,1,2,2,1,3,1.55,0
POINT (80.2397101 13.0499297),pharmacy,pharmacy,Apollo Pharmacy,80.2397101,13.049929699999996,5,1,4,1,1,3,2.5,0
POINT (80.256244 13.0067683),pharmacy,pharmacy,Apollo Pharmacy,80.256244,13.006768299999996,2,1,1,0,4,8,2.5,0
POINT (80.2633615 13.0079436),pharmacy,pharmacy,Sunitha medicals,80.2633615,13.0079436,0,0,0,0,0,3,0.44999999999999996,0
POINT (80.2743744 13.0436029),pharmacy,pharmacy,BRS Medicals,80.2743744,13.0436029,4,0,0,0,0,3,1.25,0
POINT (80.2243585 13.0741766),pharmacy,pharmacy,S. R. Pharmacy,80.2243585,13.0741766,7,0,1,3,3,5,3.2,1
POINT (80.1816258 13.0727877),pharmacy,pharmacy,BSB Pharmacy,80.1816258,13.072787699999996,1,0,1,0,0,1,0.5,0
POINT (80.2274697 13.0671671),pharmacy,pharmacy,MedPlus,80.2274697,13.067167100000002,1,0,2,3,3,4,2.0,0
POINT (80.2128632 13.085369),pharmacy,pharmacy,MedPlus,80.2128632,13.085369000000002,6,1,1,1,1,7,2.8499999999999996,0
POINT (80.2154932 13.0852816),pharmacy,pharmacy,SS Chemists,80.2154932,13.085281600000004,7,1,3,2,1,11,4.1,1
POINT (80.2696441 13.0343708),pharmacy,pharmacy,நியூ சிவா நாட்டு மூலிகை மருந்து கடை,80.2696441,13.034370799999996,0,2,5,1,2,11,3.15,1
POINT (80.2676428 13.0330987),pharmacy,pharmacy,டி. யு. சி. எஸ். காமதேனு கூட்டுறவு மருந்தகம்,80.2676428,13.0330987,0,1,5,1,2,12,3.15,1
POINT (80.2280465 13.0739422),pharmacy,pharmacy,Apollo Pharmacy,80.2280465,13.073942199999996,7,0,1,3,1,2,2.4499999999999997,0
"POLYGON ((80.2220456 13.0250022, 80.2220532 13.02493, 80.2219887 13.0249237, 80.2219801 13.0249949, 80.2220456 13.0250022))",pharmacy,pharmacy,Sugam Medicals,80.22201695543036,13.024962808106958,2,5,3,9,2,1,3.3999999999999995,1
"POLYGON ((80.1528071 13.1192496, 80.1528809 13.1192371, 80.1528596 13.119122, 80.1527807 13.1191336, 80.1528071 13.1192496))",pharmacy,pharmacy,MedPlus,80.15283186019313,13.119184989123015,8,0,8,2,8,0,4.3,1
"POLYGON ((80.1527544 13.1188746, 80.1529177 13.1188525, 80.1529095 13.1187792, 80.1527401 13.1187997, 80.1527544 13.1188746))",pharmacy,pharmacy,Jan Aushadhi,80.1528299556709,13.118826342688465,8,0,7,2,8,0,4.15,1
"POLYGON ((80.1514208 13.121238, 80.1514401 13.1213295, 80.1516072 13.1213038, 80.1515869 13.1212079, 80.1514208 13.121238))",pharmacy,pharmacy,MedPlus,80.1515144042949,13.121269693729818,8,2,9,2,11,2,5.499999999999999,1
"POLYGON ((80.1907692 12.971458, 80.1908708 12.9714289, 80.1908474 12.9713514, 80.1907458 12.9713805, 80.1907692 12.971458))",pharmacy,pharmacy,Sri Krishna Medicals,80.19080830000034,12.97140470000351,2,0,6,6,2,2,2.7999999999999994,0
"POLYGON ((80.2196802 13.0277973, 80.2197351 13.0277962, 80.219734 13.0277433, 80.2196791 13.0277444, 80.2196802 13.0277973))",pharmacy,pharmacy,MedPlus,80.21970709999992,13.027770300000542,2,4,0,6,2,2,2.4999999999999996,0
"POLYGON ((80.2646683 13.0246619, 80.2646536 13.0246051, 80.2645214 13.0246376, 80.2645361 13.0246944, 80.2646683 13.0246619))",pharmacy,pharmacy,Ravi Pharmacy,80.26459485000262,13.024649750007786,5,1,1,0,1,7,2.5,0
"POLYGON ((80.2375325 12.9677905, 80.2375989 12.9678035, 80.2376178 12.9677074, 80.2375609 12.9677074, 80.2375325 12.9677905))",pharmacy,pharmacy,Unknown,80.23757779214188,12.967753794331706,0,0,0,0,2,0,0.3,0
"POLYGON ((80.1928534 13.0402219, 80.193075 13.0401862, 80.1930669 13.0401486, 80.1928473 13.0401803, 80.1928534 13.0402219))",pharmacy,pharmacy,Apollo Pharmacy,80.19295898775407,13.04018454460435,6,8,0,0,1,7,3.6000000000000005,1
"POLYGON ((80.2886372 13.088862, 80.2886031 13.0888591, 80.2885971 13.0889268, 80.2886311 13.0889297, 80.2886372 13.088862))",pharmacy,pharmacy,Vema Medicals,80.28861712682428,13.088894383585671,0,1,24,5,0,4,5.1,1
"POLYGON ((80.287151 13.0887005, 80.2870867 13.0886946, 80.2870793 13.0887632, 80.2871439 13.0887701, 80.287151 13.0887005))",pharmacy,pharmacy,Smith Stocking & Co,80.28711529587599,13.088732143216513,0,1,22,5,0,5,4.95,1
"POLYGON ((80.1517717 13.1197555, 80.1517452 13.1195845, 80.1518262 13.119567, 80.1518352 13.1196401, 80.1518521 13.1197473, 80.1517717 13.1197555))",pharmacy,pharmacy,Apollo Pharmacy,80.15179872711418,13.119663278224836,7,1,9,2,11,1,5.0,1
"POLYGON ((80.1500231 13.1227652, 80.1501435 13.1227343, 80.1501549 13.1228195, 80.1500433 13.1228788, 80.1500231 13.1227652))",pharmacy,pharmacy,Apollo Pharmacy,80.15008823967085,13.122800294926238,8,2,8,1,7,2,4.6,1
