geometry,brand,brand:wikidata,name,shop,addr:city,addr:postcode,addr:street,website,addr:housenumber,opening_hours,building,longitude,latitude
POINT (80.2508349 13.0390386),Reliance Fresh,Q7311014,Reliance Fresh,supermarket,,,,,,,,80.2508349,13.039038599999998
POINT (80.2518431 13.005869),Nilgiri's,Q17079567,Nilgiri's,supermarket,,,,,,,,80.2518431,13.005869000000002
POINT (80.2678 12.9960126),,,Spencers,supermarket,Chennai,600090,2nd Avenue,https://www.spencers.in/,,,,80.2678,12.9960126
POINT (80.259468 13.0221142),More,Q6910891,More,supermarket,,,,,,,,80.259468,13.0221142
POINT (80.2495317 13.0287447),,,Amma Naana,supermarket,,,,,,,,80.2495317,13.028744700000004
POINT (80.2566384 13.031996),Nilgiri's,Q17079567,Nilgiri's,supermarket,,,,,,,,80.2566384,13.031995999999998
POINT (80.2570496 13.0328095),,,Spencers Daily,supermarket,Chennai,600118,CP Ramaswamy Road,https://www.spencers.in/,,,,80.2570496,13.032809499999995
POINT (80.2637655 13.0443358),,,Waitrose,supermarket,Chennai,600004,P. S. Sivasamy Street,https://www.waitrose.com/,,,,80.2637655,13.0443358
POINT (80.2041201 13.0520052),,,LG showroom,supermarket,,,,,,,,80.2041201,13.0520052
POINT (80.219622 13.070585),,,Fresh @ Aminjikarai,supermarket,,,,,,,,80.219622,13.070585
POINT (80.1952529 13.0596967),Reliance Fresh,Q7311014,Reliance Fresh,supermarket,,,,,,,,80.1952529,13.059696699999998
POINT (80.2072397 13.0485387),,,,supermarket,,,,,,,,80.2072397,13.048538699999998
POINT (80.2103428 13.0731363),Reliance Fresh,Q7311014,Reliance Fresh,supermarket,,,,,,,,80.2103428,13.073136299999998
POINT (80.2108686 13.0768878),,,Spencer's,supermarket,Chennai,600106,Poonamallee High Road,https://www.spencers.in/,,,,80.2108686,13.0768878
POINT (80.2225074 12.9823833),,,Latta Supermarket,supermarket,Chennai,600042,Dandeeswaram Main Road,,6,,,80.2225074,12.9823833
POINT (80.2516758 13.0398647),,,K-Store,supermarket,,,,,,,,80.2516758,13.0398647
POINT (80.1855534 13.0443873),,,Spencers,supermarket,Chennai,600092,Arcot Road,https://www.spencers.in/,,,,80.1855534,13.044387299999997
POINT (80.2136124 13.0629161),,,Grace Supermarket,supermarket,Chennai,600026,MMDA Colony Main Rd,https://www.graceonline.in/,,,,80.21361240000002,13.062916100000002
POINT (80.2213633 13.0734564),Star Bazaar,Q124175958,Star Bazaar,supermarket,Chennai,600029,Nelson Manickam Road,https://starbazaarindia.com/,,,,80.2213633,13.0734564
POINT (80.2160673 13.0354172),,,Pazhamuthir,supermarket,,,,,,,,80.2160673,13.0354172
POINT (80.2614084 13.0267144),,,Spencer's Daily,supermarket,Chennai,600028,2nd Main Road,https://www.spencers.in/,,,,80.2614084,13.0267144
POINT (80.2029956 12.9291074),,,Nilgiris Supermarket,supermarket,,,,,,,,80.2029956,12.929107399999998
POINT (80.2430807 13.0206071),,,Hertiage Fresh Supermarket,supermarket,,,,,,,,80.2430807,13.020607099999998
POINT (80.1769318 13.0420426),,,Niligiris,supermarket,,,,,,,,80.1769318,13.042042599999998
POINT (80.2040587 13.0501632),,,Spencers Super Market,supermarket,Vadapalani,600093,Arunachalam St,https://www.spencers.in/,,,,80.2040587,13.0501632
POINT (80.2580999 12.9737686),,,J.K. Stores,supermarket,,,,,,,,80.2580999,12.973768599999998
POINT (80.2580826 12.9735902),,,Sri Murugan Stores,supermarket,,,,,,,,80.2580826,12.9735902
POINT (80.1903845 13.0468582),,,Chandra Metro Mall,supermarket,,,,,,,,80.1903845,13.0468582
POINT (80.2174636 13.0342232),,,Jeevan,supermarket,,,,,,,,80.2174636,13.0342232
POINT (80.2522381 12.9952269),,,Cee Dee Yes supermarket,supermarket,,600020,I Avenue Indira nagar,,,,,80.2522381,12.9952269
POINT (80.229992 12.9810009),,,Shopper's Paradise,supermarket,,,,,,,,80.22999200000001,12.9810009
POINT (80.219018 12.9719184),,,Sri Venkatashwara Supermarket,supermarket,Chennai,600042,11th Main Road,,28,,,80.219018,12.971918399999998
POINT (80.2071871 13.0769447),,,Murugan Supermarket,supermarket,,,,,,,,80.2071871,13.076944700000002
POINT (80.2563781 12.9614559),,,Singapore Shoppee,supermarket,,,,,,,,80.2563781,12.9614559
POINT (80.2467629 13.059543),Nilgiri's,Q17079567,Nilgiri's,supermarket,,,,,,,,80.2467629,13.059542999999998
POINT (80.2050056 13.0676158),,,Stop and Shop,supermarket,,,,,,,,80.2050056,13.0676158
POINT (80.2200478 12.9730064),,,Annachi Super Market,supermarket,,,,,,,,80.2200478,12.973006399999996
POINT (80.2385427 13.0414126),Reliance Fresh,Q7311014,Reliance Fresh,supermarket,,,,,,,,80.2385427,13.041412599999996
POINT (80.2293217 13.0630707),Reliance Fresh,Q7311014,Reliance Fresh,supermarket,Chennai,600094,Abdullah Street,,25,Mo-Su 07:00-21:00,,80.2293217,13.0630707
POINT (80.18853 12.9825831),,,Spencer's,supermarket,,600061,"4th Main Road, Nanganallur",https://www.spencers.in/,,,,80.18853,12.9825831
POINT (80.187849 12.9775601),,,Mahayoham Supermarket,supermarket,Chennai,,46th Street,,,,,80.187849,12.977560100000002
POINT (80.1920439 12.9838491),Nilgiri's,Q17079567,Nilgiri's,supermarket,,600061,Nanganallur,,,,,80.1920439,12.9838491
POINT (80.191427 12.9830023),,,Heritage Fresh,supermarket,,600061,Nanganallur,,,,,80.191427,12.9830023
POINT (80.1749834 13.0163006),,,Alams Super Market,supermarket,,,,,,,,80.1749834,13.0163006
POINT (80.2453424 12.9636492),Nilgiri's,Q17079567,Nilgiri's,supermarket,,,,,,,,80.2453424,12.9636492
POINT (80.2173031 13.0922181),Reliance Fresh,Q7311014,Reliance Fresh,supermarket,,,,,,,,80.2173031,13.092218099999997
POINT (80.1917975 12.9827037),,,Sugar N Spice,supermarket,,,,,,,,80.1917975,12.982703699999998
POINT (80.221979 12.9841137),,,Pazhamudhir Cholai,supermarket,Chennai,600042,Jagannathapuram 1st Main road,http://www.pazhamudhircholai.com,1,,,80.221979,12.984113699999998
POINT (80.2226282 12.9837296),Nilgiri's,Q17079567,Nilgiri's,supermarket,,,,,,,,80.2226282,12.983729599999998
POINT (80.2188199 12.9905101),,,Buy Bazaar,supermarket,,,,,,,,80.2188199,12.990510099999996
POINT (80.2023937 12.965964),,,GMart,supermarket,,,,,,,,80.2023937,12.965963999999998
POINT (80.1862123 13.0430957),,,Grace supermarket,supermarket,,,,,,,,80.18621230000001,13.043095700000002
POINT (80.1745662 13.0175064),,,Grow SuperMarket Manapakkam,supermarket,,,,,,,,80.1745662,13.0175064
POINT (80.2618804 12.9828491),,,Singapore Shoppe,supermarket,Chennai,600041,1st Seaward Road,,,,,80.26188040000001,12.9828491
POINT (80.2592138 13.0388272),,,Wait Rose,supermarket,,,,,,,,80.2592138,13.038827199999998
POINT (80.266752 13.0325923),,,Sri Krishna Stores,supermarket,,,,,,,,80.266752,13.032592299999996
POINT (80.2528473 13.0597092),Nilgiri's,Q17079567,Nilgiri's,supermarket,,,,,,,,80.2528473,13.0597092
POINT (80.2505372 13.0070553),,,Style One,supermarket,,,,,,,,80.2505372,13.007055299999998
POINT (80.2224448 13.0253001),More,Q6910891,More,supermarket,,,,,,,,80.22244480000002,13.0253001
POINT (80.2214489 13.0385168),Reliance Fresh,Q7311014,Reliance Fresh,supermarket,,,,,,,,80.2214489,13.038516799999998
POINT (80.2405136 12.9969608),,,Ambika Retail,supermarket,,,,,,,,80.2405136,12.9969608
POINT (80.2509856 13.0071295),,,Reliance Trends,supermarket,,,,,,,,80.2509856,13.007129499999998
POINT (80.2598799 13.0989018),,,ARS SUPER MARKET,supermarket,CHENNAI,600011,Perambur Barracks Rd,,111,,,80.2598799,13.098901799999998
POINT (80.1955743 13.0597055),,,Lakshmi Stores,supermarket,,,,,,,,80.1955743,13.059705499999998
POINT (80.2101801 13.0034121),,,Madras Supermarket,supermarket,,600032,Maduvankarai Bridge,,,,,80.2101801,13.003412099999998
POINT (80.2246263 13.0686453),,,Kovai Pazhamudir Nilayam,supermarket,,600094,Nelson Manickam Road,,,,,80.2246263,13.068645300000002
POINT (80.2248039 13.0698579),Nilgiri's,Q17079567,Nilgiri's,supermarket,,600094,Nelson Manickam Road,,,,,80.2248039,13.0698579
POINT (80.2144512 13.024337),,,Sumal Vegetables Market,supermarket,,,West Jones Road,,,,,80.2144512,13.024337
POINT (80.251867 13.0064298),,,,supermarket,,,,,,,,80.251867,13.006429799999998
POINT (80.2181179 12.9839879),,,,supermarket,,,,,,,,80.2181179,12.983987900000002
POINT (80.2093652 12.9648137),,,Shine Supermarket,supermarket,,,,,,,,80.2093652,12.9648137
POINT (80.2362976 13.0143187),,,gurunath stores,supermarket,chennai,600025,sardar patel road anna university ceg campus,,,08:30-20:30,,80.2362976,13.0143187
POINT (80.2297373 13.0379675),,,Saravana Stores Super Market,supermarket,t.nagar,600 017,Ramanathan Street,,,,,80.2297373,13.037967499999995
POINT (80.2306035 13.0356535),,,,supermarket,,,South Usman Road,,,,,80.2306035,13.0356535
POINT (80.2294591 13.03801),,,,supermarket,,600 017,Ramanathan Street,,,,,80.2294591,13.03801
POINT (80.2776473 13.0839331),,,,supermarket,,,,,,,,80.2776473,13.083933099999998
POINT (80.2307424 12.9856682),,,Sri Ayyanaar Store,supermarket,Chennai,600042,Gandhi Road,,,08:30-20:30,,80.2307424,12.985668199999996
POINT (80.1927849 13.0379652),,,,supermarket,,600078,Anna Main Road,,,,,80.1927849,13.0379652
POINT (80.2249871 12.9862638),,,Sri Periyandavar Super Market,supermarket,,,,,,,,80.2249871,12.986263800000003
POINT (80.1881554 13.0871698),,,Annachi Supermarket,supermarket,,,"Bazaar Rd, Thirumangalam, Collector Nagar, J J Nagar, Mogappair East, Chennai, Tamil Nadu 600101",,,Mo-Sa 08:00-23:00; Su 10:00-21:30,,80.1881554,13.087169799999998
POINT (80.199766 13.085416),,,Nilgris Supermarket,supermarket,,,"2nd Avenue, Anna Nagar",,,,,80.199766,13.085415999999997
POINT (80.1670292 13.081515),,,DR SUPER MARKET,supermarket,Chennai,600037,"Ramalingam Salai, 4th Block, Mogappair West, Ambattur Industrial Estate",,4/744,Mo-Su 08:00-22:00,,80.1670292,13.081514999999998
POINT (80.2621523 12.9771822),,,,supermarket,,,,,,,,80.2621523,12.977182199999996
POINT (80.2781615 13.0845384),,,,supermarket,,600003,South Mint Street,,502/266,,,80.2781615,13.0845384
POINT (80.2295534 12.9813012),,,Ayya SuperMarket,supermarket,,,,,,,,80.2295534,12.9813012
POINT (80.2089352 12.9799898),,,JK Super Market,supermarket,,,"Aandal Nagar, 6th Cross Street, Adambakkam - 600088",,,,,80.20893520000001,12.979989800000002
POINT (80.1966386 13.0874539),,,Annachi Super Market,supermarket,,,,,,,,80.1966386,13.0874539
POINT (80.2681846 13.0175213),,,,supermarket,,,,,,,,80.2681846,13.0175213
POINT (80.2407688 13.045587),,,Nuts and Spices,supermarket,,,,,,,,80.2407688,13.045587
POINT (80.2406636 13.0455141),Nilgiri's,Q17079567,Nilgiri's,supermarket,,,,,,,,80.2406636,13.045514099999998
POINT (80.1978426 13.079402),,,,supermarket,,,,,,Mo-Su 10:00-22:00,,80.1978426,13.079402000000002
POINT (80.1570095 13.1011119),,,Neo Supermarket,supermarket,"Ambattur, Chennai",600058,"Thiruppur Kumaran Street, VGN Shanthi Nagar, Ambattur, Chennai",,"CSA2, 8",,,80.15700950000002,13.1011119
POINT (80.2455557 13.054753),,,Helice,supermarket,,,,,,,,80.2455557,13.054753
POINT (80.2456105 13.0554705),,,Rajendran Store,supermarket,,,,,,,,80.24561050000001,13.0554705
POINT (80.2457969 13.0553682),,,Angadi,supermarket,,,,,,,,80.2457969,13.055368199999998
POINT (80.2430596 13.0574051),,,Grace World,supermarket,,,,,,,,80.2430596,13.0574051
POINT (80.2439087 12.9695845),,,WhatsFresh,supermarket,Perungudi,600096,Dr MGR Main Road,,"40, Global Infocity",,,80.2439087,12.969584499999996
POINT (80.1602804 13.0210736),,,Arush Retail Supermarket,supermarket,Mugalivakkam,600125,Mugalivakkam Main Road,,1,Mo-Su 07:00-22:00,,80.1602804,13.021073599999998
POINT (80.2155103 13.0342714),,,Nuts N Spices,supermarket,Chennai,600033,,,,,,80.2155103,13.034271399999998
POINT (80.2151382 13.0341642),,,Grace Super Market,supermarket,Chennai,600033,,,,,,80.2151382,13.034164199999996
POINT (80.2360977 12.9665853),,,Krishna Supermarket,supermarket,,,,,,,,80.2360977,12.9665853
POINT (80.1897943 13.0932135),,,Prabhuraja supermarket,supermarket,Chennai,600050,"NSC Bose st, Kumaran nagar,Padi",,139,Mo-Su 09:00-21:00,,80.1897943,13.0932135
POINT (80.1480943 13.1214544),,,Singapore Shopping,supermarket,,,,,,,,80.1480943,13.1214544
POINT (80.1537233 13.1189931),,,Grace Supermarket,supermarket,,,,,,,,80.1537233,13.118993099999996
POINT (80.268615 13.0474258),,,அமுதம் பல்பொருள் சிறப்பு அங்காடி(சுய சேவை பிரிவு),supermarket,,,VM St,,430,Mo-Su 08:00-20:00,,80.268615,13.047425799999996
POINT (80.2123238 13.0284745),,,Ray Mart Supermarket,supermarket,,,"No 1, Gangai Amman Koil St, Barathi Block, VSM Garden, West Jafferkhanpet, Chennai, Tamil Nadu 600083",,,Mo-Su 09:30-21:30,,80.2123238,13.028474500000002
POINT (80.2088159 13.0299976),,,Visalam Supermarket,supermarket,,,"97/98, 1, Jawaharlal Nehru Road, Ashok Nagar, Chennai, Tamil Nadu 600083",,,Mo-Su 09:00-23:00,,80.2088159,13.029997599999998
POINT (80.2323815 13.0365972),,,Bharath Gem Testing Lab,supermarket,Chennai,600017,Mothilol street,,42,Mo-Sa 10:00-19:00,,80.2323815,13.036597199999996
POINT (80.2513463 12.9983201),,,Dhanyam organic shop,supermarket,Chennai,600020,Indira Nagar 3rd Ave,https://dhanyam.in/,,,,80.2513463,12.9983201
POINT (80.2211935 12.9761125),,,Dhanyam Organic store,supermarket,Chennai,600045,Velachery Main Road,https://dhanyam.in/,,,,80.2211935,12.9761125
POINT (80.2443029 13.0445056),,,Dhanyam organic store,supermarket,chennai,600017,Doctor Shivaji Ganesan Road,https://dhanyam.in/,,,,80.2443029,13.0445056
POINT (80.212224 13.0838561),,,Dhanyam Organic shop,supermarket,Chennai,600040,4th Street,https://dhanyam.in/,,,,80.212224,13.083856100000002
POINT (80.2534825 12.942059),,,Dhanyam organic store,supermarket,Chennai,,East Coast Road SH49,https://dhanyam.in/,,,,80.2534825,12.942058999999997
POINT (80.2436443 12.87087),Nilgiri's,Q17079567,Nilgiri's,supermarket,,,,,,,,80.2436443,12.870869999999998
POINT (80.2807246 13.0859974),,,C.S.Rajasundaram Chetty & Sons.,supermarket,Chennai,600003,"Rattan Bazaar Road, Park Town,",,,09:30-21:00,,80.2807246,13.085997400000002
POINT (80.1911414 12.9720719),,,C K Selvam Super Store,supermarket,Chennai,600091,Medavakkam Main Road,,,Mo-Su 09:00-21:00,,80.1911414,12.972071899999996
POINT (80.1905786 12.9709195),More,Q6910891,More,supermarket,Chennai,600091,Mount - Medavakkam Road,,1,Mo-Su 09:00-21:00,,80.1905786,12.9709195
POINT (80.2188896 12.9716144),,,Sri Kannan Super Stores,supermarket,,,,,,,,80.2188896,12.971614399999996
POINT (80.240596 13.044123),More,Q6910891,More,supermarket,,,,,,,,80.240596,13.044123
POINT (80.183571 13.0469663),,,Grace Supermarket,supermarket,,,,,,,,80.183571,13.0469663
POINT (80.2061677 13.0853781),,,Santhosh Supermarket,supermarket,,,,,,,,80.2061677,13.085378099999996
POINT (80.2547228 13.0309488),,,,supermarket,,600018,Abhiramapuram 4th Street,https://www.terraearthfood.com,39,Mo-Su 08:30-20:30,,80.2547228,13.0309488
POINT (80.2640619 12.9945334),,,Alchemy Media Marketing,supermarket,Chennai,600090,Rukmani Road,https://alchemy-media-marketing.com,56/16,Mo-Fr 09:00-17:00,,80.2640619,12.994533399999996
POINT (80.2014918 13.1255155),,,Venkateshwara fruit shop,supermarket,,,,,,,,80.2014918,13.1255155
POINT (80.2017441 13.126522),,,Reliance super market,supermarket,,,,,,,,80.2017441,13.126521999999998
POINT (80.216663 12.9911157),Big Bazaar,Q3631008,Big Bazaar,supermarket,,,,,,,,80.216663,12.9911157
POINT (80.2210455 13.0077889),,,TecEx India Private Limited,supermarket,Chennai,600032,"Little Mount, Kotturpuram",https://tecex.com/,2669+M7G,Mon - Thu 8:00-18:00; Fri 8:00 - 17:00,,80.2210455,13.007788899999998
POINT (80.1655614 13.0759757),,,Jeevan,supermarket,,,,,,Mo-Su 09:00-21:00,,80.1655614,13.0759757
POINT (80.1714303 13.0777907),,,Smart Bazzar,supermarket,,,,,,,,80.1714303,13.077790699999998
POINT (80.2263691 13.0473227),,,Grace Super market,supermarket,,,,,,,,80.2263691,13.047322699999995
POINT (80.2795842 13.0944353),,,Gupta pan bhandar,supermarket,,,,,,,,80.2795842,13.094435300000002
POINT (80.279808 13.0956228),,,Rakshkumar & Co,supermarket,,,,,,,,80.27980800000002,13.0956228
POINT (80.2017243 13.1286953),,,grace supermarket,supermarket,,,,,,,,80.20172430000001,13.128695300000002
POINT (80.2017644 13.1295276),,,Sivaram stores,supermarket,,,,,,,,80.2017644,13.1295276
POINT (80.2402905 12.9412022),,,Amma Super Market,supermarket,,,,,,,,80.2402905,12.9412022
POINT (80.1534391 13.1262141),Nilgiri's,Q17079567,Nilgiri's,supermarket,,,,,,,,80.1534391,13.1262141
POINT (80.1532965 13.0148344),,,Nikis SuperMarket,supermarket,,,,,,,,80.1532965,13.014834399999994
POINT (80.2240167 13.0131367),,,Daniel Super Market,supermarket,,,,,,,,80.2240167,13.0131367
POINT (80.2546834 13.0090742),,,Vanga Vanga,supermarket,,,,,,,,80.2546834,13.0090742
POINT (80.2539882 13.0096655),,,Green Bean,supermarket,,,,,,,,80.2539882,13.0096655
POINT (80.2519401 13.0097391),,,Fresh2day,supermarket,,,,,,,,80.2519401,13.009739099999996
POINT (80.2200924 12.9720714),DMart,Q5203271,DMart,supermarket,,,,,,,,80.2200924,12.9720714
POINT (80.2084569 13.1027446),,,,supermarket,,600049,Madras Tiruvallur High Road,,,,,80.2084569,13.1027446
POINT (80.2705059 13.0338908),,,Ambika Appalam Depot ( Department Store ),supermarket,,,,,,Mo-Su 09:00-21:00,,80.2705059,13.0338908
POINT (80.1794808 13.0868082),,,Sri Balaji Supermarket,supermarket,,,,,,,,80.1794808,13.0868082
POINT (80.2178059 12.9876878),,,Diyamart,supermarket,Chennai,600042,Marudupandi Street,https://www.diyamart.com/,2,,,80.2178059,12.987687800000002
"POLYGON ((80.2177812 13.0901849, 80.2179756 13.0901875, 80.2179743 13.0900895, 80.2177785 13.0900882, 80.2177812 13.0901849))",,,Yesesi Supermarket,supermarket,,,,,,,yes,80.21787761827298,13.09013746787266
"POLYGON ((80.2058621 13.0849276, 80.2058542 13.0847862, 80.2060997 13.0847836, 80.206105 13.0849173, 80.2058621 13.0849276))",,,Santosh Super Stores,supermarket,,,,,,,,80.20597909709018,13.084853600775272
"POLYGON ((80.2215507 13.024358, 80.2216746 13.0243666, 80.2216551 13.0246752, 80.221533 13.0246666, 80.2215507 13.024358))",Reliance Fresh,Q7311014,Reliance Fresh,supermarket,Saidapet,600015,Tank Square Street,,,,,80.2216033767591,13.024516225505955
"POLYGON ((80.1692619 13.1319648, 80.1694771 13.1319472, 80.1694658 13.1318166, 80.1692506 13.1318342, 80.1692619 13.1319648))",,,Reliance Smart Superstore,supermarket,,,,,,,yes,80.16936385000005,13.131890700017204
"POLYGON ((80.1490986 13.1229214, 80.1493722 13.1226931, 80.1493636 13.1226441, 80.1493252 13.1226036, 80.1490478 13.122865, 80.1490986 13.1229214))",,,Ponnu Super Market,supermarket,,,,,,,yes,80.1492197718447,13.122762444630013
"POLYGON ((80.1783372 13.0164561, 80.1784771 13.0164246, 80.1784434 13.0162828, 80.1783035 13.0163144, 80.1783372 13.0164561))",Nilgiri's,Q17079567,Nilgiri's,supermarket,,,,https://www.nilgiris1905.com/,,,yes,80.17839030735091,13.01636947133812
"POLYGON ((80.2437089 12.9599603, 80.243817 12.9599241, 80.2437435 12.9597092, 80.2436233 12.9597453, 80.2436685 12.9598553, 80.2437089 12.9599603))",,,JK Supermart,supermarket,,,,,,Mo-Su 09:00-22:00,yes,80.24372269955028,12.95983296612122
"POLYGON ((80.227011 13.0489507, 80.2271254 13.0489247, 80.2271086 13.0488543, 80.2269942 13.0488802, 80.227011 13.0489507))",,,Pazhamudhir Nilayam,supermarket,,,Viswanathapuram Main Road,,,,yes,80.22705978744023,13.048902479078064
"POLYGON ((80.2049645 12.9656845, 80.2050659 12.9656636, 80.2050495 12.9655882, 80.2049481 12.9656092, 80.2049645 12.9656845))",,,Himalayas supermarket,supermarket,,,,,,,yes,80.20500701045121,12.965636371496322
"POLYGON ((80.2217708 13.0649738, 80.2219079 13.0649563, 80.2218865 13.0647968, 80.2217494 13.0648143, 80.2217708 13.0649738))",,,Annachi Kadai,supermarket,,,,,,,yes,80.22182864999772,13.064885300001094
"POLYGON ((80.2051679 12.9375889, 80.205718 12.9375271, 80.2056949 12.9373776, 80.2051486 12.9374258, 80.2051679 12.9375889))",More,Q6910891,More,supermarket,,,,,,,yes,80.20542855625771,12.937480364874297
"POLYGON ((80.224531 13.075879, 80.2247579 13.0758607, 80.2247505 13.075773, 80.2245235 13.0757913, 80.224531 13.075879))",,,Muthu Super Market,supermarket,,,Ayyavoo Street,,,,yes,80.22464072300238,13.075825996963657
"POLYGON ((80.2640384 13.0478346, 80.2641824 13.0478241, 80.2641608 13.0475439, 80.2640168 13.0475545, 80.2640384 13.0478346))",,,Spencer's Food World,supermarket,chennai,600014,Avvai Shanmugam Salai,https://www.spencers.in/,,,yes,80.2640996041582,13.047689273429487
"POLYGON ((80.151626 13.1192602, 80.1515352 13.1192866, 80.1515806 13.1194252, 80.1516758 13.119403, 80.151626 13.1192602))",,,Rajan Supermarket,supermarket,Chennai,,North Park Street,,,,yes,80.15160478747674,13.119344024344684
"POLYGON ((80.1499834 13.1224116, 80.1502271 13.1223605, 80.1502087 13.1221804, 80.1499482 13.1222351, 80.1499834 13.1224116))",,,Pasumai Pazhamudir Nilayam,supermarket,Chennai,600053,Old Township Road,,,Mo-Su 7:30-22:00,yes,80.15009170961346,13.122295907426633
"POLYGON ((80.1519857 13.1186438, 80.1518249 13.1187075, 80.1519429 13.1189831, 80.1521038 13.1189267, 80.1519857 13.1186438))",,,blinkit Grocery store,supermarket,,,,,,,yes,80.15196447142785,13.118814788320638
"POLYGON ((80.2193299 13.0664605, 80.2194115 13.0664724, 80.219445 13.0662543, 80.2193635 13.0662424, 80.2193299 13.0664605))",,,Velammal Store,supermarket,,,,,,,yes,80.21938747121203,13.066357421721849
"POLYGON ((80.1480419 13.1215332, 80.1482401 13.1214007, 80.1478943 13.1212541, 80.1478586 13.1212734, 80.1480419 13.1215332))",,,,supermarket,,,,,,,yes,80.14804018546343,13.121389799820436
"POLYGON ((80.2360693 12.9666734, 80.2361282 12.9666671, 80.2361151 12.9665259, 80.2360585 12.9665354, 80.2360693 12.9666734))",,,,supermarket,,,,,,,commercial,80.23609292929083,12.966600837027263
"POLYGON ((80.1519012 13.1184589, 80.1521362 13.1183479, 80.1520021 13.118084, 80.1517627 13.118216, 80.1519012 13.1184589))",,,Farm Bazzar,supermarket,,,North Park Street,,,,yes,80.15195110719375,13.118275017307534
"POLYGON ((80.1536677 13.1190702, 80.1538001 13.1190549, 80.1537748 13.1188469, 80.1536424 13.1188622, 80.1536677 13.1190702))",,,,supermarket,,,,,,,yes,80.15372124999544,13.118958549994597
"POLYGON ((80.1496324 13.1203268, 80.1496025 13.1202327, 80.1498641 13.1199309, 80.1499181 13.1202728, 80.1496324 13.1203268))",,,Kaveri Supermarket,supermarket,Chennai,600053,Chennai - Tiruttani - Renigunta Road,,,,yes,80.14977850315556,13.1201734836278
"POLYGON ((80.2377171 12.987615, 80.2379129 12.9876163, 80.2379176 12.9875458, 80.2378714 12.9875451, 80.237872 12.9875562, 80.2377567 12.9875562, 80.2377574 12.9875438, 80.2377171 12.9875431, 80.2377171 12.987615))",,,Prime Mart,supermarket,,,,,,Mo-Su 09:00-21:30; PH open,yes,80.23781618411428,12.987583044236974
"POLYGON ((80.2366948 12.9566322, 80.2376389 12.9564845, 80.2376108 12.9562584, 80.2372755 12.9562545, 80.2372326 12.9552233, 80.2368665 12.9552495, 80.2369443 12.9561565, 80.2366425 12.9561931, 80.2366948 12.9566322))",DMart,Q5203271,DMart,supermarket,,,,,,,,80.23708379157291,12.956046813735666
"POLYGON ((80.1523596 13.1185358, 80.1525585 13.1184648, 80.1525296 13.1183185, 80.1523126 13.1184323, 80.1523596 13.1185358))",,,SSK Super Mart,supermarket,,,,,,,yes,80.15244390702338,13.118434590467604
