geometry,amenity,brand,brand:en,brand:wikidata,brand:wikipedia,currency:INR,drive_through,indoor,name,note,opening_hours,operator,operator:en,operator:wikidata,operator:wikipedia,short_name,brand:hi,name:en,longitude,latitude
POINT (80.2572843 13.0391457),atm,HDFC Bank,HDFC Bank,Q631047,en:HDFC Bank,yes,no,yes,HDFC Bank,"Contributors are requested to not edit the ""brand"", ""brand:en"", ""brand:wikidata"", ""operator"", ""operator:en"" and ""operator:wikidata"" tags. (2025/03/03)",24/7,HDFC Bank,HDFC Bank,Q631047,en:HDFC Bank,HDFC,,,80.2572843,13.0391457
POINT (80.2408671 12.8589741),atm,,,,,,,,UTI,,,,,,,,,,80.2408671,12.8589741
POINT (80.2562651 12.9901845),atm,Indian Bank,,Q2003789,,,,,Indian Bank,,,Indian Bank,,Q2003789,,,,,80.2562651,12.990184499999996
POINT (80.2763979 13.0821882),atm,State Bank of India,State Bank of India,Q1340361,en:State Bank of India,yes,no,yes,State Bank of India,"Contributors are requested to not edit the ""brand"", ""brand:en"", ""brand:wikidata"", ""operator"", ""operator:en"" and ""operator:wikidata"" tags. (2025/03/03)",24/7,State Bank of India,State Bank of India,Q1340361,en:State Bank of India,SBI,,,80.2763979,13.082188199999996
POINT (80.2743817 13.0830047),atm,Canara Bank,Canara Bank,Q2003777,,,,,,,,Canara Bank,,Q2003777,,,केनरा बैंक,Canara Bank,80.2743817,13.083004699999996
POINT (80.2345589 12.9864212),atm,State Bank of India,State Bank of India,Q1340361,,yes,no,yes,State Bank of India,"Contributors are requested to not edit the ""brand"", ""brand:en"", ""brand:wikidata"", ""operator"", ""operator:en"" and ""operator:wikidata"" tags. (2025/03/03)",24/7,State Bank of India,State Bank of India,Q1340361,,SBI,,,80.2345589,12.986421200000002
POINT (80.2375224 12.9871846),atm,ICICI Bank,ICICI Bank,Q1653258,,yes,no,yes,ICICI Bank,"Contributors are requested to not edit the ""brand"", ""brand:en"", ""brand:wikidata"", ""operator"", ""operator:en"" and ""operator:wikidata"" tags. (2025/03/03)",24/7,ICICI Bank,ICICI Bank,Q1653258,,ICICI,,,80.2375224,12.9871846
POINT (80.2065688 13.0214305),atm,HDFC Bank,HDFC Bank,Q631047,en:HDFC Bank,yes,no,yes,HDFC Bank,"Contributors are requested to not edit the ""brand"", ""brand:en"", ""brand:wikidata"", ""operator"", ""operator:en"" and ""operator:wikidata"" tags. (2025/03/03)",24/7,HDFC Bank,HDFC Bank,Q631047,en:HDFC Bank,HDFC,,,80.2065688,13.021430499999996
POINT (80.1853119 13.0200993),atm,Canara Bank,Canara Bank,Q2003777,en:Canara Bank,,,,Canara Bank,,,Canara Bank,,Q2003777,,,केनरा बैंक,Canara Bank,80.1853119,13.0200993
POINT (80.17608 13.0255546),atm,Axis Bank,,Q2003549,en:Axis Bank,,,,Axis Bank,,,Axis Bank,,Q2003549,en:Axis Bank,,,,80.17608,13.0255546
POINT (80.161486 13.0330479),atm,Karnataka Bank,,Q2042632,,,,,,,,Karnataka Bank,,Q2042632,,,,,80.161486,13.033047899999998
POINT (80.2468368 13.0403524),atm,State Bank of India,State Bank of India,Q1340361,en:State Bank of India,yes,no,yes,State Bank of India,"Contributors are requested to not edit the ""brand"", ""brand:en"", ""brand:wikidata"", ""operator"", ""operator:en"" and ""operator:wikidata"" tags. (2025/03/03)",24/7,State Bank of India,State Bank of India,Q1340361,en:State Bank of India,SBI,,,80.2468368,13.040352399999998
POINT (80.2473065 13.0383319),atm,,,,,,,,SBT,,,,,,,,,,80.2473065,13.0383319
POINT (80.2561125 13.0379504),atm,ICICI Bank,ICICI Bank,Q1653258,en:ICICI Bank,yes,no,yes,ICICI Bank,"Contributors are requested to not edit the ""brand"", ""brand:en"", ""brand:wikidata"", ""operator"", ""operator:en"" and ""operator:wikidata"" tags. (2025/03/03)",24/7,ICICI Bank,ICICI Bank,Q1653258,en:ICICI Bank,ICICI,,,80.2561125,13.037950399999998
POINT (80.2108563 13.0088634),atm,Indian Bank,,Q2003789,,,,,Indian Bank,,,Indian Bank,,Q2003789,,,,,80.2108563,13.008863400000005
POINT (80.2789117 13.0886267),atm,,,,,,,yes,,,,Central Bank,,,,,,,80.2789117,13.0886267
POINT (80.2233204 13.0237416),atm,Canara Bank,Canara Bank,Q2003777,en:Canara Bank,,,,Canara Bank,,,Canara Bank,,Q2003777,,,केनरा बैंक,Canara Bank,80.2233204,13.0237416
POINT (80.2473617 13.0425953),atm,Deutsche Bank,,Q66048,en:Deutsche Bank,,,,Deutsche Bank,,,Deutsche Bank,,Q66048,en:Deutsche Bank,,,,80.2473617,13.042595300000002
POINT (80.2090043 13.0676022),atm,Axis Bank,,Q2003549,,,,,Axis Bank,,,Axis Bank,,Q2003549,,,,,80.2090043,13.067602199999998
POINT (80.2580237 12.972808),atm,HDFC Bank,HDFC Bank,Q631047,,yes,no,yes,HDFC Bank,"Contributors are requested to not edit the ""brand"", ""brand:en"", ""brand:wikidata"", ""operator"", ""operator:en"" and ""operator:wikidata"" tags. (2025/03/03)",24/7,HDFC Bank,HDFC Bank,Q631047,,HDFC,,,80.2580237,12.972808000000002
POINT (80.2099457 12.9472312),atm,Canara Bank,Canara Bank,Q2003777,,,,,,,,Canara Bank,,Q2003777,,,केनरा बैंक,Canara Bank,80.2099457,12.947231199999996
POINT (80.2069066 12.9580151),atm,,,,,,,,,,,,,,,,,,80.2069066,12.9580151
POINT (80.2620152 12.9771873),atm,,,,,,,,,,,,,,,,,,80.2620152,12.9771873
POINT (80.157572 13.1190245),atm,State Bank of India,State Bank of India,Q1340361,,yes,no,yes,State Bank of India,"Contributors are requested to not edit the ""brand"", ""brand:en"", ""brand:wikidata"", ""operator"", ""operator:en"" and ""operator:wikidata"" tags. (2025/03/03)",24/7,State Bank of India,State Bank of India,Q1340361,,SBI,,,80.157572,13.119024499999998
POINT (80.1571858 13.1185673),atm,Axis Bank,,Q2003549,,,,,Axis Bank,,,Axis Bank,,Q2003549,,,,,80.1571858,13.1185673
POINT (80.2365734 13.010885),atm,State Bank of India,State Bank of India,Q1340361,,yes,no,yes,State Bank of India,"Contributors are requested to not edit the ""brand"", ""brand:en"", ""brand:wikidata"", ""operator"", ""operator:en"" and ""operator:wikidata"" tags. (2025/03/03)",24/7,State Bank of India,State Bank of India,Q1340361,,SBI,,,80.2365734,13.010885
POINT (80.2365815 13.0109662),atm,Indian Bank,,Q2003789,,,,,Indian Bank,,,Indian Bank,,Q2003789,,,,,80.2365815,13.0109662
POINT (80.2365761 13.0109295),atm,Canara Bank,Canara Bank,Q2003777,,,,,Canara Bank,,,Canara Bank,,Q2003777,,,केनरा बैंक,Canara Bank,80.2365761,13.0109295
POINT (80.197456 13.0906312),atm,HDFC Bank,HDFC Bank,Q631047,,yes,no,yes,,"Contributors are requested to not edit the ""brand"", ""brand:en"", ""brand:wikidata"", ""operator"", ""operator:en"" and ""operator:wikidata"" tags. (2025/03/03)",24/7,HDFC Bank,HDFC Bank,Q631047,,HDFC,,,80.197456,13.0906312
POINT (80.2032432 12.9312463),atm,UCO Bank,,Q2005310,,,,,UCO Bank,,,UCO Bank,,Q2005310,,,,,80.2032432,12.931246300000002
POINT (80.2518985 12.9850549),atm,Axis Bank,,Q2003549,,,,,Axis Bank,,,Axis Bank,,Q2003549,,,,,80.2518985,12.9850549
POINT (80.2619056 12.9776563),atm,HDFC Bank,HDFC Bank,Q631047,,yes,no,yes,HDFC Bank,"Contributors are requested to not edit the ""brand"", ""brand:en"", ""brand:wikidata"", ""operator"", ""operator:en"" and ""operator:wikidata"" tags. (2025/03/03)",24/7,HDFC Bank,HDFC Bank,Q631047,,HDFC,,,80.2619056,12.9776563
POINT (80.2063461 13.0673948),atm,ICICI Bank,ICICI Bank,Q1653258,,yes,no,yes,,"Contributors are requested to not edit the ""brand"", ""brand:en"", ""brand:wikidata"", ""operator"", ""operator:en"" and ""operator:wikidata"" tags. (2025/03/03)",24/7,ICICI Bank,ICICI Bank,Q1653258,,ICICI,,,80.2063461,13.0673948
POINT (80.2059546 13.0672458),atm,Karur Vysya Bank,,Q6373724,,,,,,,,Karur Vysya Bank,,Q6373724,,,,,80.2059546,13.0672458
POINT (80.2053376 13.0672564),atm,State Bank of India,State Bank of India,Q1340361,,yes,no,yes,,"Contributors are requested to not edit the ""brand"", ""brand:en"", ""brand:wikidata"", ""operator"", ""operator:en"" and ""operator:wikidata"" tags. (2025/03/03)",24/7,State Bank of India,State Bank of India,Q1340361,,SBI,,,80.2053376,13.067256400000002
POINT (80.2224648 13.0252186),atm,ICICI Bank,ICICI Bank,Q1653258,en:ICICI Bank,yes,no,yes,ICICI Bank,"Contributors are requested to not edit the ""brand"", ""brand:en"", ""brand:wikidata"", ""operator"", ""operator:en"" and ""operator:wikidata"" tags. (2025/03/03)",24/7,ICICI Bank,ICICI Bank,Q1653258,en:ICICI Bank,ICICI,,,80.2224648,13.025218599999995
POINT (80.2164316 13.0367469),atm,,,,,,,,,,,Karur Vysa Bank ATM,,,,,,,80.2164316,13.036746899999995
POINT (80.1738652 13.0218567),atm,HDFC Bank,HDFC Bank,Q631047,,yes,no,yes,,"Contributors are requested to not edit the ""brand"", ""brand:en"", ""brand:wikidata"", ""operator"", ""operator:en"" and ""operator:wikidata"" tags. (2025/03/03)",24/7,HDFC Bank,HDFC Bank,Q631047,,HDFC,,,80.1738652,13.0218567
POINT (80.2037784 12.9342733),atm,HDFC Bank,HDFC Bank,Q631047,,yes,no,yes,HDFC Bank,"Contributors are requested to not edit the ""brand"", ""brand:en"", ""brand:wikidata"", ""operator"", ""operator:en"" and ""operator:wikidata"" tags. (2025/03/03)",24/7,HDFC Bank,HDFC Bank,Q631047,,HDFC,,,80.2037784,12.934273299999996
POINT (80.2394049 12.945469),atm,HDFC Bank,HDFC Bank,Q631047,,yes,no,yes,,"Contributors are requested to not edit the ""brand"", ""brand:en"", ""brand:wikidata"", ""operator"", ""operator:en"" and ""operator:wikidata"" tags. (2025/03/03)",24/7,HDFC Bank,HDFC Bank,Q631047,,HDFC,,,80.2394049,12.945469
POINT (80.2383175 12.9443554),atm,ICICI Bank,ICICI Bank,Q1653258,,yes,no,yes,,"Contributors are requested to not edit the ""brand"", ""brand:en"", ""brand:wikidata"", ""operator"", ""operator:en"" and ""operator:wikidata"" tags. (2025/03/03)",24/7,ICICI Bank,ICICI Bank,Q1653258,,ICICI,,,80.2383175,12.944355399999996
POINT (80.2398438 12.9463896),atm,ICICI Bank,ICICI Bank,Q1653258,,yes,no,yes,ICICI Bank,"Contributors are requested to not edit the ""brand"", ""brand:en"", ""brand:wikidata"", ""operator"", ""operator:en"" and ""operator:wikidata"" tags. (2025/03/03)",24/7,ICICI Bank,ICICI Bank,Q1653258,,ICICI,,,80.2398438,12.9463896
POINT (80.1931909 12.9824816),atm,HDFC Bank,HDFC Bank,Q631047,en:HDFC Bank,yes,no,yes,HDFC Bank,"Contributors are requested to not edit the ""brand"", ""brand:en"", ""brand:wikidata"", ""operator"", ""operator:en"" and ""operator:wikidata"" tags. (2025/03/03)",24/7,HDFC Bank,HDFC Bank,Q631047,en:HDFC Bank,HDFC,,,80.1931909,12.982481599999996
POINT (80.1880412 12.9855368),atm,Karur Vysya Bank,,Q6373724,en:Karur Vysya Bank,,no,,Karur Vysya Bank,,,Karur Vysya Bank,,Q6373724,en:Karur Vysya Bank,,,,80.1880412,12.985536799999997
POINT (80.1883532 12.976295),atm,Indian Overseas Bank,,Q2003611,en:Indian Overseas Bank,,,,Indian Overseas Bank,,,Indian Overseas Bank,,Q2003611,en:Indian Overseas Bank,,,,80.1883532,12.976294999999997
POINT (80.1885197 12.9861219),atm,Indian Overseas Bank,,Q2003611,en:Indian Overseas Bank,,,,Indian Overseas Bank,,,Indian Overseas Bank,,Q2003611,en:Indian Overseas Bank,,,,80.1885197,12.986121900000002
POINT (80.1886779 12.9857036),atm,State Bank of India,State Bank of India,Q1340361,en:State Bank of India,yes,no,yes,State Bank of India,"Contributors are requested to not edit the ""brand"", ""brand:en"", ""brand:wikidata"", ""operator"", ""operator:en"" and ""operator:wikidata"" tags. (2025/03/03)",24/7,State Bank of India,State Bank of India,Q1340361,en:State Bank of India,SBI,,,80.1886779,12.9857036
POINT (80.1984144 12.9649901),atm,HDFC Bank,HDFC Bank,Q631047,,yes,no,yes,,"Contributors are requested to not edit the ""brand"", ""brand:en"", ""brand:wikidata"", ""operator"", ""operator:en"" and ""operator:wikidata"" tags. (2025/03/03)",24/7,HDFC Bank,HDFC Bank,Q631047,,HDFC,,,80.1984144,12.9649901
POINT (80.1779117 13.0185251),atm,Allahabad Bank,,Q2018840,en:Allahabad Bank,,,,Allahabad Bank,,,Allahabad Bank,,Q2018840,,,,Allahabad Bank,80.1779117,13.018525100000002
POINT (80.190054 12.9828837),atm,Bank of India,,Q2004439,en:Bank of India,,,,Bank of India,,,Bank of India,,Q2004439,en:Bank of India,,,,80.190054,12.9828837
POINT (80.2702977 13.0753058),atm,,,,,,,,,,,Karur Vysya Bank ATM,,,,,,,80.2702977,13.0753058
POINT (80.2703513 13.0752954),atm,HDFC Bank,HDFC Bank,Q631047,,yes,no,yes,,"Contributors are requested to not edit the ""brand"", ""brand:en"", ""brand:wikidata"", ""operator"", ""operator:en"" and ""operator:wikidata"" tags. (2025/03/03)",24/7,HDFC Bank,HDFC Bank,Q631047,,HDFC,,,80.2703513,13.075295399999998
POINT (80.2692785 13.0755619),atm,State Bank of India,State Bank of India,Q1340361,,yes,no,yes,,"Contributors are requested to not edit the ""brand"", ""brand:en"", ""brand:wikidata"", ""operator"", ""operator:en"" and ""operator:wikidata"" tags. (2025/03/03)",24/7,State Bank of India,State Bank of India,Q1340361,,SBI,,,80.2692785,13.075561899999997
POINT (80.2644773 13.0782216),atm,,,,,,,,,,,Axis Bank ATM,,,,,,,80.2644773,13.0782216
POINT (80.191639 12.982757),atm,,,,,,,,,,,Lakshmi vilas Bank,,,,,,,80.191639,12.982757
POINT (80.174431 13.014905),atm,Axis Bank,,Q2003549,,,,,Axis Bank,,,Axis Bank,,Q2003549,,,,,80.174431,13.014905
POINT (80.2079847 13.0652135),atm,State Bank of India,State Bank of India,Q1340361,,yes,no,yes,State Bank of India,"Contributors are requested to not edit the ""brand"", ""brand:en"", ""brand:wikidata"", ""operator"", ""operator:en"" and ""operator:wikidata"" tags. (2025/03/03)",24/7,State Bank of India,State Bank of India,Q1340361,,SBI,,,80.2079847,13.0652135
POINT (80.1868905 12.9941189),atm,Standard Chartered,,Q548278,en:Standard Chartered,,,,Standard Chartered,,,Standard Chartered,,Q548278,en:Standard Chartered,,,,80.1868905,12.9941189
POINT (80.1878291 12.9948375),atm,HDFC Bank,HDFC Bank,Q631047,en:HDFC Bank,yes,no,yes,HDFC Bank,"Contributors are requested to not edit the ""brand"", ""brand:en"", ""brand:wikidata"", ""operator"", ""operator:en"" and ""operator:wikidata"" tags. (2025/03/03)",24/7,HDFC Bank,HDFC Bank,Q631047,en:HDFC Bank,HDFC,,,80.1878291,12.994837499999996
POINT (80.1879671 12.9789502),atm,Karur Vysya Bank,,Q6373724,en:Karur Vysya Bank,,,,Karur Vysya Bank,,,Karur Vysya Bank,,Q6373724,en:Karur Vysya Bank,,,,80.1879671,12.978950200000002
POINT (80.188365 12.9859735),atm,Canara Bank,Canara Bank,Q2003777,en:Canara Bank,,,,Canara Bank,,,Canara Bank,,Q2003777,,,केनरा बैंक,,80.188365,12.9859735
POINT (80.2221539 13.0252072),atm,HDFC Bank,HDFC Bank,Q631047,en:HDFC Bank,yes,no,yes,HDFC Bank,"Contributors are requested to not edit the ""brand"", ""brand:en"", ""brand:wikidata"", ""operator"", ""operator:en"" and ""operator:wikidata"" tags. (2025/03/03)",24/7,HDFC Bank,HDFC Bank,Q631047,en:HDFC Bank,HDFC,,,80.2221539,13.025207199999995
POINT (80.2231378 13.0241326),atm,Karur Vysya Bank,,Q6373724,,,,,Karur Vysya Bank,,,Karur Vysya Bank,,Q6373724,,,,,80.2231378,13.0241326
POINT (80.2230072 13.0226851),atm,State Bank of India,State Bank of India,Q1340361,en:State Bank of India,yes,no,yes,State Bank of India,"Contributors are requested to not edit the ""brand"", ""brand:en"", ""brand:wikidata"", ""operator"", ""operator:en"" and ""operator:wikidata"" tags. (2025/03/03)",24/7,State Bank of India,State Bank of India,Q1340361,en:State Bank of India,SBI,,,80.2230072,13.0226851
POINT (80.217252 13.0241666),atm,ICICI Bank,ICICI Bank,Q1653258,en:ICICI Bank,yes,no,yes,ICICI Bank,"Contributors are requested to not edit the ""brand"", ""brand:en"", ""brand:wikidata"", ""operator"", ""operator:en"" and ""operator:wikidata"" tags. (2025/03/03)",24/7,ICICI Bank,ICICI Bank,Q1653258,en:ICICI Bank,ICICI,,,80.21725200000002,13.024166599999996
POINT (80.2216528 13.0205626),atm,Bank of India,,Q2004439,en:Bank of India,,,,Bank of India,,,Bank of India,,Q2004439,en:Bank of India,,,,80.2216528,13.020562599999998
POINT (80.2241498 13.0221002),atm,Punjab National Bank,,Q2743499,en:Punjab National Bank,,,,Punjab National Bank,,,Punjab National Bank,,Q2743499,en:Punjab National Bank,,,,80.2241498,13.022100199999995
POINT (80.2195493 13.0195941),atm,,,,,,,,,,,Punjab & Sindh Bank,,,,,,,80.2195493,13.019594100000004
POINT (80.219551 13.0196305),atm,State Bank of India,State Bank of India,Q1340361,en:State Bank of India,yes,no,yes,State Bank of India,"Contributors are requested to not edit the ""brand"", ""brand:en"", ""brand:wikidata"", ""operator"", ""operator:en"" and ""operator:wikidata"" tags. (2025/03/03)",24/7,State Bank of India,State Bank of India,Q1340361,en:State Bank of India,SBI,,,80.21955100000001,13.019630499999996
POINT (80.2193817 13.0196763),atm,HDFC Bank,HDFC Bank,Q631047,en:HDFC Bank,yes,no,yes,HDFC Bank,"Contributors are requested to not edit the ""brand"", ""brand:en"", ""brand:wikidata"", ""operator"", ""operator:en"" and ""operator:wikidata"" tags. (2025/03/03)",24/7,HDFC Bank,HDFC Bank,Q631047,en:HDFC Bank,HDFC,,,80.2193817,13.0196763
POINT (80.2200815 13.0197652),atm,Indian Bank,,Q2003789,en:Indian Bank,,,,Indian Bank,,,Indian Bank,,Q2003789,en:Indian Bank,,,,80.2200815,13.0197652
POINT (80.2206296 13.019832),atm,Karur Vysya Bank,,Q6373724,,,,,Karur Vysya Bank,,,Karur Vysya Bank,,Q6373724,,,,,80.2206296,13.019831999999996
POINT (80.21941 13.0198726),atm,,,,,,,,,,,Lakshmi Vilas Bank,,,,,,,80.21941,13.0198726
POINT (80.2245368 13.0244553),atm,State Bank of India,State Bank of India,Q1340361,en:State Bank of India,yes,no,yes,State Bank of India,"Contributors are requested to not edit the ""brand"", ""brand:en"", ""brand:wikidata"", ""operator"", ""operator:en"" and ""operator:wikidata"" tags. (2025/03/03)",24/7,State Bank of India,State Bank of India,Q1340361,en:State Bank of India,SBI,,,80.2245368,13.0244553
POINT (80.2163635 13.0232974),atm,Indian Overseas Bank,,Q2003611,en:Indian Overseas Bank,,,,Indian Overseas Bank,,,Indian Overseas Bank,,Q2003611,en:Indian Overseas Bank,,,,80.21636350000001,13.0232974
POINT (80.2164689 13.0239202),atm,Canara Bank,Canara Bank,Q2003777,en:Canara Bank,,,,Canara Bank,,,Canara Bank,,Q2003777,,,केनरा बैंक,Canara Bank,80.2164689,13.023920199999994
POINT (80.218528 13.0241522),atm,ICICI Bank,ICICI Bank,Q1653258,en:ICICI Bank,yes,no,yes,ICICI Bank,"Contributors are requested to not edit the ""brand"", ""brand:en"", ""brand:wikidata"", ""operator"", ""operator:en"" and ""operator:wikidata"" tags. (2025/03/03)",24/7,ICICI Bank,ICICI Bank,Q1653258,en:ICICI Bank,ICICI,,,80.218528,13.0241522
POINT (80.2273141 13.0239128),atm,Axis Bank,,Q2003549,en:Axis Bank,,,,Axis Bank,,,Axis Bank,,Q2003549,en:Axis Bank,,,,80.2273141,13.0239128
POINT (80.2244781 13.0200968),atm,Indian Bank,,Q2003789,en:Indian Bank,,,,Indian Bank,,,Indian Bank,,Q2003789,en:Indian Bank,,,,80.2244781,13.0200968
POINT (80.2292384 12.9857819),atm,Canara Bank,Canara Bank,Q2003777,,,,,Canara Bank,,,Canara Bank,,Q2003777,,,केनरा बैंक,Canara Bank,80.2292384,12.9857819
POINT (80.227272 13.037288),atm,State Bank of India,State Bank of India,Q1340361,en:State Bank of India,yes,no,yes,State Bank of India,"Contributors are requested to not edit the ""brand"", ""brand:en"", ""brand:wikidata"", ""operator"", ""operator:en"" and ""operator:wikidata"" tags. (2025/03/03)",24/7,State Bank of India,State Bank of India,Q1340361,en:State Bank of India,SBI,,,80.227272,13.037287999999998
POINT (80.2274043 13.0382672),atm,IndusInd Bank,,Q2040323,en:IndusInd Bank,,,,IndusInd Bank,,,IndusInd Bank,,Q2040323,en:IndusInd Bank,,,,80.2274043,13.0382672
POINT (80.2327042 12.9341104),atm,Axis Bank,,Q2003549,,,,,Axis Bank,,,Axis Bank,,Q2003549,,,,,80.2327042,12.934110399999996
POINT (80.224393 13.0312474),atm,State Bank of India,State Bank of India,Q1340361,en:State Bank of India,yes,no,yes,State Bank of India,"Contributors are requested to not edit the ""brand"", ""brand:en"", ""brand:wikidata"", ""operator"", ""operator:en"" and ""operator:wikidata"" tags. (2025/03/03)",24/7,State Bank of India,State Bank of India,Q1340361,en:State Bank of India,SBI,,,80.224393,13.031247400000002
POINT (80.2243552 13.0312627),atm,Central Bank of India,,Q2007090,en:Central Bank of India,,,,Central Bank of India,,24/7,Central Bank of India,,Q2007090,en:Central Bank of India,,,,80.22435520000002,13.031262699999996
POINT (80.2247324 13.0412117),atm,,,,,,,,,,,,,,,,,,80.2247324,13.041211700000002
POINT (80.2179233 13.036148),atm,,,,,,,,,,,,,,,,,,80.2179233,13.036148
POINT (80.2358079 13.046913),atm,Yes Bank,,Q2040394,en:Yes Bank,,,,Yes Bank,,,Yes Bank,,Q2040394,en:Yes Bank,,,,80.2358079,13.046912999999998
POINT (80.2296079 13.0411995),atm,Canara Bank,Canara Bank,Q2003777,en:Canara Bank,,,,Canara Bank,,,Canara Bank,,Q2003777,en:Canara Bank,,केनरा बैंक,Canara Bank,80.2296079,13.041199499999996
POINT (80.2558929 12.9996299),atm,ICICI Bank,ICICI Bank,Q1653258,,yes,no,yes,ICICI Bank,"Contributors are requested to not edit the ""brand"", ""brand:en"", ""brand:wikidata"", ""operator"", ""operator:en"" and ""operator:wikidata"" tags. (2025/03/03)",24/7,ICICI Bank,ICICI Bank,Q1653258,,ICICI,,,80.2558929,12.999629899999997
POINT (80.2567513 12.9991652),atm,UCO Bank,,Q2005310,,,,,UCO Bank,,,UCO Bank,,Q2005310,,,,,80.2567513,12.999165199999998
POINT (80.2216334 13.0362873),atm,City Union Bank,City Union Bank,Q2040264,,,,,City Union Bank,,,City Union Bank,,Q2040264,,CUB,सिटी यूनियन बैंक,City Union Bank,80.2216334,13.0362873
POINT (80.2211964 13.0354306),atm,,,,,,,,PNB,,,,,,,,,,80.2211964,13.035430599999998
POINT (80.2212406 13.0378727),atm,,,,,,,,LVB,,,DBS Bank,,,,,,,80.2212406,13.037872699999998
POINT (80.2592281 12.9782765),atm,Kotak Mahindra Bank,,Q2040404,,,,,,,,Kotak Mahindra Bank,,Q2040404,,,,,80.2592281,12.9782765
POINT (80.2139123 12.9641099),atm,State Bank of India,State Bank of India,Q1340361,,yes,no,yes,State Bank of India,"Contributors are requested to not edit the ""brand"", ""brand:en"", ""brand:wikidata"", ""operator"", ""operator:en"" and ""operator:wikidata"" tags. (2025/03/03)",24/7,State Bank of India,State Bank of India,Q1340361,,SBI,,,80.2139123,12.9641099
POINT (80.2145484 12.9641594),atm,Canara Bank,Canara Bank,Q2003777,,,no,,Canara Bank,,,Canara Bank,,Q2003777,,,केनरा बैंक,,80.2145484,12.964159400000002
POINT (80.1953222 13.0598649),atm,,,,,,,,,,,,,,,,,,80.1953222,13.059864899999996
POINT (80.2240501 13.0693582),atm,,,,,,,,,,,,,,,,,,80.2240501,13.069358200000003
POINT (80.2489591 13.0644175),atm,State Bank of India,State Bank of India,Q1340361,en:State Bank of India,yes,no,yes,State Bank of India,"Contributors are requested to not edit the ""brand"", ""brand:en"", ""brand:wikidata"", ""operator"", ""operator:en"" and ""operator:wikidata"" tags. (2025/03/03)",24/7,State Bank of India,State Bank of India,Q1340361,en:State Bank of India,SBI,,,80.2489591,13.064417499999998
POINT (80.2097688 13.0034109),atm,,,,,,,,,,,Axis Bank ATM,,,,,,,80.2097688,13.0034109
POINT (80.2165936 13.0246639),atm,HDFC Bank,HDFC Bank,Q631047,en:HDFC Bank,yes,no,yes,HDFC Bank,"Contributors are requested to not edit the ""brand"", ""brand:en"", ""brand:wikidata"", ""operator"", ""operator:en"" and ""operator:wikidata"" tags. (2025/03/03)",24/7,HDFC Bank,HDFC Bank,Q631047,en:HDFC Bank,HDFC,,,80.2165936,13.0246639
POINT (80.217235 13.024672),atm,ICICI Bank,ICICI Bank,Q1653258,en:ICICI Bank,yes,no,yes,ICICI Bank,"Contributors are requested to not edit the ""brand"", ""brand:en"", ""brand:wikidata"", ""operator"", ""operator:en"" and ""operator:wikidata"" tags. (2025/03/03)",24/7,ICICI Bank,ICICI Bank,Q1653258,en:ICICI Bank,ICICI,,,80.217235,13.024672000000002
POINT (80.1831772 13.025889),atm,Indian Bank,,Q2003789,,,,,,,24/7,Indian Bank,,Q2003789,,,,Indian Bank,80.1831772,13.025889
POINT (80.2037866 12.9341982),atm,,,,,,,,,,24/7,CUB,,,,,,City union bank atm,80.2037866,12.9341982
POINT (80.2245196 13.0694814),atm,HDFC Bank,HDFC Bank,Q631047,en:HDFC Bank,yes,no,yes,HDFC Bank,"Contributors are requested to not edit the ""brand"", ""brand:en"", ""brand:wikidata"", ""operator"", ""operator:en"" and ""operator:wikidata"" tags. (2025/03/03)",24/7,HDFC Bank,HDFC Bank,Q631047,en:HDFC Bank,HDFC,,HDFC Bank,80.2245196,13.0694814
POINT (80.2341688 12.9931374),atm,State Bank of India,State Bank of India,Q1340361,,yes,no,yes,,"Contributors are requested to not edit the ""brand"", ""brand:en"", ""brand:wikidata"", ""operator"", ""operator:en"" and ""operator:wikidata"" tags. (2025/03/03)",24/7,State Bank of India,State Bank of India,Q1340361,,SBI,,State Bank of India,80.2341688,12.993137399999997
POINT (80.2413231 12.9970982),atm,Canara Bank,Canara Bank,Q2003777,,,,,Canara Bank,,,Canara Bank,,Q2003777,,,केनरा बैंक,Canara Bank,80.2413231,12.997098199999998
POINT (80.2292693 12.9067533),atm,,,,,,,,,,,,,,,,,,80.2292693,12.9067533
POINT (80.2290655 12.9067611),atm,,,,,,,,,,,,,,,,,,80.2290655,12.906761099999995
POINT (80.2422906 13.0403053),atm,State Bank of India,State Bank of India,Q1340361,en:State Bank of India,yes,no,yes,State Bank of India,"Contributors are requested to not edit the ""brand"", ""brand:en"", ""brand:wikidata"", ""operator"", ""operator:en"" and ""operator:wikidata"" tags. (2025/03/03)",24/7,State Bank of India,State Bank of India,Q1340361,en:State Bank of India,SBI,,,80.2422906,13.0403053
POINT (80.1834643 13.0288007),atm,State Bank of India,State Bank of India,Q1340361,,yes,no,yes,,"Contributors are requested to not edit the ""brand"", ""brand:en"", ""brand:wikidata"", ""operator"", ""operator:en"" and ""operator:wikidata"" tags. (2025/03/03)",24/7,State Bank of India,State Bank of India,Q1340361,,SBI,,State Bank of India,80.1834643,13.0288007
POINT (80.2396158 13.0408055),atm,,,,,,,,,,,,,,,,,,80.2396158,13.0408055
POINT (80.2577916 13.0551653),atm,Kotak Mahindra Bank,,Q2040404,en:Kotak Mahindra Bank,,,,Kotak Mahindra Bank,,,Kotak Mahindra Bank,,Q2040404,en:Kotak Mahindra Bank,,,,80.2577916,13.055165300000002
POINT (80.2577775 13.0551257),atm,Union Bank of India,,Q2004078,en:Union Bank of India,,,,Union Bank of India,,,Union Bank of India,,Q2004078,en:Union Bank of India,,,,80.25777750000002,13.055125699999996
POINT (80.2242033 13.0692506),atm,Karur Vysya Bank,,Q6373724,,,,,,,,Karur Vysya Bank,,Q6373724,,,,,80.2242033,13.0692506
POINT (80.2497859 13.0333077),atm,,,,,,,,,,,,,,,,,,80.2497859,13.0333077
POINT (80.2497305 13.0339142),atm,,,,,,,,,,,,,,,,,,80.2497305,13.0339142
POINT (80.2639172 13.0447604),atm,Axis Bank,,Q2003549,,,,,Axis Bank,,24/7,Axis Bank,,Q2003549,,,,,80.2639172,13.044760399999998
POINT (80.2879365 13.0898796),atm,Federal Bank,,Q2044983,en:Federal Bank,,,,Federal Bank,,24/7,Federal Bank,,Q2044983,en:Federal Bank,,,,80.2879365,13.089879599999998
POINT (80.2434925 13.0593489),atm,HDFC Bank,HDFC Bank,Q631047,en:HDFC Bank,yes,no,yes,HDFC Bank,"Contributors are requested to not edit the ""brand"", ""brand:en"", ""brand:wikidata"", ""operator"", ""operator:en"" and ""operator:wikidata"" tags. (2025/03/03)",24/7,HDFC Bank,HDFC Bank,Q631047,en:HDFC Bank,HDFC,,,80.2434925,13.059348899999998
POINT (80.206681 12.9654221),atm,,,,,,,,,,,Karur Vayshiya,,,,,,,80.206681,12.9654221
POINT (80.2677826 12.9961458),atm,State Bank of India,State Bank of India,Q1340361,,yes,no,yes,State Bank of India,"Contributors are requested to not edit the ""brand"", ""brand:en"", ""brand:wikidata"", ""operator"", ""operator:en"" and ""operator:wikidata"" tags. (2025/03/03)",24/7,State Bank of India,State Bank of India,Q1340361,,SBI,,,80.2677826,12.9961458
POINT (80.2678026 12.9964369),atm,State Bank of India,State Bank of India,Q1340361,,yes,no,yes,State Bank of India,"Contributors are requested to not edit the ""brand"", ""brand:en"", ""brand:wikidata"", ""operator"", ""operator:en"" and ""operator:wikidata"" tags. (2025/03/03)",24/7,State Bank of India,State Bank of India,Q1340361,,SBI,,,80.2678026,12.9964369
POINT (80.223371 13.0387955),atm,State Bank of India,State Bank of India,Q1340361,en:State Bank of India,yes,no,yes,State Bank of India,"Contributors are requested to not edit the ""brand"", ""brand:en"", ""brand:wikidata"", ""operator"", ""operator:en"" and ""operator:wikidata"" tags. (2025/03/03)",24/7,State Bank of India,State Bank of India,Q1340361,en:State Bank of India,SBI,,,80.223371,13.038795500000004
POINT (80.2064354 13.0321053),atm,,,,,,,,,,24/7,,,,,,,,80.2064354,13.0321053
POINT (80.242254 13.1132183),atm,Canara Bank,Canara Bank,Q2003777,en:Canara Bank,,,,Canara Bank,,,Canara Bank,,Q2003777,,,केनरा बैंक,Canara Bank,80.242254,13.113218299999998
POINT (80.2623002 13.0831918),atm,,,,,,,,,,,,,,,,,,80.2623002,13.083191799999998
POINT (80.2680222 12.995542),atm,State Bank of India,State Bank of India,Q1340361,,yes,no,yes,State Bank of India,"Contributors are requested to not edit the ""brand"", ""brand:en"", ""brand:wikidata"", ""operator"", ""operator:en"" and ""operator:wikidata"" tags. (2025/03/03)",24/7,State Bank of India,State Bank of India,Q1340361,,SBI,,,80.2680222,12.995542
POINT (80.1936185 13.0648605),atm,Axis Bank,,Q2003549,,,,,Axis Bank,,,Axis Bank,,Q2003549,,,,,80.19361850000001,13.064860500000002
POINT (80.2469877 13.0384105),atm,Federal Bank,,Q2044983,en:Federal Bank,,,,Federal Bank,,24/7,Federal Bank,,Q2044983,en:Federal Bank,,,,80.24698770000002,13.038410499999998
POINT (80.2723038 13.0724652),atm,Canara Bank,Canara Bank,Q2003777,en:Canara Bank,,,,Canara Bank,,,Canara Bank,,Q2003777,,,केनरा बैंक,Canara Bank,80.2723038,13.072465199999998
POINT (80.2729873 13.0670638),atm,State Bank of India,State Bank of India,Q1340361,en:State Bank of India,yes,no,yes,State Bank of India,"Contributors are requested to not edit the ""brand"", ""brand:en"", ""brand:wikidata"", ""operator"", ""operator:en"" and ""operator:wikidata"" tags. (2025/03/03)",24/7,State Bank of India,State Bank of India,Q1340361,en:State Bank of India,SBI,,,80.2729873,13.067063799999998
POINT (80.2745986 13.1283384),atm,,,,,,,,,,,,,,,,,,80.2745986,13.1283384
POINT (80.2769535 13.1306982),atm,,,,,,,,,,24/7,,,,,,,,80.2769535,13.1306982
POINT (80.1781761 13.0905925),atm,,,,,,,,,,,,,,,,,,80.1781761,13.0905925
POINT (80.2638553 13.0812089),atm,State Bank of India,State Bank of India,Q1340361,en:State Bank of India,yes,no,yes,State Bank of India,"Contributors are requested to not edit the ""brand"", ""brand:en"", ""brand:wikidata"", ""operator"", ""operator:en"" and ""operator:wikidata"" tags. (2025/03/03)",24/7,State Bank of India,State Bank of India,Q1340361,en:State Bank of India,SBI,,,80.2638553,13.081208899999998
POINT (80.2557348 12.9878046),atm,State Bank of India,State Bank of India,Q1340361,,yes,no,yes,State Bank of India,"Contributors are requested to not edit the ""brand"", ""brand:en"", ""brand:wikidata"", ""operator"", ""operator:en"" and ""operator:wikidata"" tags. (2025/03/03)",24/7,State Bank of India,State Bank of India,Q1340361,,SBI,,,80.2557348,12.9878046
POINT (80.169016 13.0823715),atm,,,,,yes,,,,,,City Union Bank ATM,,,,,,,80.169016,13.0823715
POINT (80.1979943 13.0840278),atm,State Bank of India,State Bank of India,Q1340361,en:State Bank of India,yes,no,yes,State Bank of India,"Contributors are requested to not edit the ""brand"", ""brand:en"", ""brand:wikidata"", ""operator"", ""operator:en"" and ""operator:wikidata"" tags. (2025/03/03)",24/7,State Bank of India,State Bank of India,Q1340361,en:State Bank of India,SBI,,,80.1979943,13.084027799999998
POINT (80.1979232 13.0840382),atm,Canara Bank,Canara Bank,Q2003777,en:Canara Bank,yes,no,,Canara Bank,,,Canara Bank,,Q2003777,,,केनरा बैंक,Canara Bank,80.19792320000002,13.0840382
POINT (80.2066392 13.0200716),atm,State Bank of India,State Bank of India,Q1340361,en:State Bank of India,yes,no,yes,State Bank of India,"Contributors are requested to not edit the ""brand"", ""brand:en"", ""brand:wikidata"", ""operator"", ""operator:en"" and ""operator:wikidata"" tags. (2025/03/03)",24/7,State Bank of India,State Bank of India,Q1340361,en:State Bank of India,SBI,,,80.2066392,13.020071599999998
POINT (80.2046408 13.0869698),atm,Indian Bank,,Q2003789,en:Indian Bank,,,,Indian Bank,,24/7,Indian Bank,,Q2003789,en:Indian Bank,,,,80.2046408,13.086969799999997
POINT (80.1984143 13.0864082),atm,ICICI Bank,ICICI Bank,Q1653258,,yes,no,yes,ICICI Bank,"Contributors are requested to not edit the ""brand"", ""brand:en"", ""brand:wikidata"", ""operator"", ""operator:en"" and ""operator:wikidata"" tags. (2025/03/03)",24/7,ICICI Bank,ICICI Bank,Q1653258,,ICICI,,,80.1984143,13.0864082
POINT (80.2365489 13.0362882),atm,HDFC Bank,HDFC Bank,Q631047,en:HDFC Bank,yes,no,yes,HDFC Bank,"Contributors are requested to not edit the ""brand"", ""brand:en"", ""brand:wikidata"", ""operator"", ""operator:en"" and ""operator:wikidata"" tags. (2025/03/03)",24/7,HDFC Bank,HDFC Bank,Q631047,en:HDFC Bank,HDFC,,,80.2365489,13.0362882
POINT (80.2365809 13.0362444),atm,Indian Overseas Bank,,Q2003611,en:Indian Overseas Bank,,,,Indian Overseas Bank,,,Indian Overseas Bank,,Q2003611,en:Indian Overseas Bank,,,,80.2365809,13.0362444
POINT (80.2001665 13.0737738),atm,Bank of India,,Q2004439,,,,,Bank of India,,,Bank of India,,Q2004439,,,,,80.2001665,13.0737738
POINT (80.2564085 12.961912),atm,State Bank of India,State Bank of India,Q1340361,,yes,no,yes,State Bank of India,"Contributors are requested to not edit the ""brand"", ""brand:en"", ""brand:wikidata"", ""operator"", ""operator:en"" and ""operator:wikidata"" tags. (2025/03/03)",24/7,State Bank of India,State Bank of India,Q1340361,,SBI,,,80.2564085,12.961911999999998
POINT (80.2588165 12.975198),atm,HDFC Bank,HDFC Bank,Q631047,,yes,no,yes,HDFC Bank,"Contributors are requested to not edit the ""brand"", ""brand:en"", ""brand:wikidata"", ""operator"", ""operator:en"" and ""operator:wikidata"" tags. (2025/03/03)",24/7,HDFC Bank,HDFC Bank,Q631047,,HDFC,,,80.2588165,12.975198
POINT (80.2410207 13.0068648),atm,State Bank of India,State Bank of India,Q1340361,,yes,no,yes,State Bank of India,"Contributors are requested to not edit the ""brand"", ""brand:en"", ""brand:wikidata"", ""operator"", ""operator:en"" and ""operator:wikidata"" tags. (2025/03/03)",24/7,State Bank of India,State Bank of India,Q1340361,,SBI,,,80.2410207,13.0068648
POINT (80.2085915 13.105588),atm,,,,,,,,Indicash ATM,,,,,,,,,,80.2085915,13.105587999999996
POINT (80.2060118 13.1076704),atm,HDFC Bank,HDFC Bank,Q631047,en:HDFC Bank,yes,no,yes,HDFC Bank,"Contributors are requested to not edit the ""brand"", ""brand:en"", ""brand:wikidata"", ""operator"", ""operator:en"" and ""operator:wikidata"" tags. (2025/03/03)",24/7,HDFC Bank,HDFC Bank,Q631047,en:HDFC Bank,HDFC,,,80.2060118,13.107670399999998
POINT (80.2066089 13.1095746),atm,State Bank of India,State Bank of India,Q1340361,en:State Bank of India,yes,no,yes,State Bank of India,"Contributors are requested to not edit the ""brand"", ""brand:en"", ""brand:wikidata"", ""operator"", ""operator:en"" and ""operator:wikidata"" tags. (2025/03/03)",24/7,State Bank of India,State Bank of India,Q1340361,en:State Bank of India,SBI,,,80.20660890000002,13.1095746
POINT (80.2073916 13.1057663),atm,Bank of Baroda,,Q2003797,en:Bank of Baroda,,,,Bank of Baroda,,,Bank of Baroda,,Q2003797,en:Bank of Baroda,,,,80.2073916,13.1057663
POINT (80.2131515 13.1013016),atm,HDFC Bank,HDFC Bank,Q631047,en:HDFC Bank,yes,no,yes,HDFC Bank,"Contributors are requested to not edit the ""brand"", ""brand:en"", ""brand:wikidata"", ""operator"", ""operator:en"" and ""operator:wikidata"" tags. (2025/03/03)",24/7,HDFC Bank,HDFC Bank,Q631047,en:HDFC Bank,HDFC,,,80.2131515,13.101301599999994
POINT (80.2147191 13.0998985),atm,Axis Bank,,Q2003549,en:Axis Bank,,,,Axis Bank,,,Axis Bank,,Q2003549,en:Axis Bank,,,,80.21471910000001,13.099898499999998
POINT (80.2093664 13.1054823),atm,HDFC Bank,HDFC Bank,Q631047,en:HDFC Bank,yes,no,yes,HDFC Bank,"Contributors are requested to not edit the ""brand"", ""brand:en"", ""brand:wikidata"", ""operator"", ""operator:en"" and ""operator:wikidata"" tags. (2025/03/03)",24/7,HDFC Bank,HDFC Bank,Q631047,en:HDFC Bank,HDFC,,,80.2093664,13.105482300000002
POINT (80.2057499 13.0181467),atm,State Bank of India,State Bank of India,Q1340361,en:State Bank of India,yes,no,yes,State Bank of India,"Contributors are requested to not edit the ""brand"", ""brand:en"", ""brand:wikidata"", ""operator"", ""operator:en"" and ""operator:wikidata"" tags. (2025/03/03)",24/7,State Bank of India,State Bank of India,Q1340361,en:State Bank of India,SBI,,,80.2057499,13.018146700000004
POINT (80.2065171 13.0208632),atm,ICICI Bank,ICICI Bank,Q1653258,en:ICICI Bank,yes,no,yes,ICICI Bank,"Contributors are requested to not edit the ""brand"", ""brand:en"", ""brand:wikidata"", ""operator"", ""operator:en"" and ""operator:wikidata"" tags. (2025/03/03)",24/7,ICICI Bank,ICICI Bank,Q1653258,en:ICICI Bank,ICICI,,,80.2065171,13.0208632
POINT (80.2059273 13.0188147),atm,Karur Vysya Bank,,Q6373724,,,,,Karur Vysya Bank,,,Karur Vysya Bank,,Q6373724,,,,,80.2059273,13.018814699999998
POINT (80.2059389 13.0188342),atm,HDFC Bank,HDFC Bank,Q631047,en:HDFC Bank,yes,no,yes,HDFC Bank,"Contributors are requested to not edit the ""brand"", ""brand:en"", ""brand:wikidata"", ""operator"", ""operator:en"" and ""operator:wikidata"" tags. (2025/03/03)",24/7,HDFC Bank,HDFC Bank,Q631047,en:HDFC Bank,HDFC,,,80.2059389,13.018834200000002
POINT (80.1995906 13.085201),atm,,,,,,,,Digibank DBS ATM,,,,,,,,,,80.1995906,13.085200999999998
POINT (80.1926461 13.0868316),atm,Bank of Baroda,,Q2003797,,yes,,,Bank of Baroda,,,Bank of Baroda,,Q2003797,,,,,80.1926461,13.0868316
POINT (80.192539 13.0855102),atm,State Bank of India,State Bank of India,Q1340361,,yes,no,yes,State Bank of India,"Contributors are requested to not edit the ""brand"", ""brand:en"", ""brand:wikidata"", ""operator"", ""operator:en"" and ""operator:wikidata"" tags. (2025/03/03)",24/7,State Bank of India,State Bank of India,Q1340361,,SBI,,,80.192539,13.085510200000002
POINT (80.1919927 13.0832304),atm,Axis Bank,,Q2003549,,,,,Axis Bank,,,Axis Bank,,Q2003549,,,,,80.1919927,13.083230399999998
POINT (80.1926388 13.0867787),atm,Bank of Baroda,,Q2003797,,,,,Bank of Baroda,,,Bank of Baroda,,Q2003797,,,,,80.1926388,13.086778700000004
POINT (80.1924214 13.0845781),atm,Canara Bank,Canara Bank,Q2003777,,,,,Canara Bank,,,Canara Bank,,Q2003777,,,केनरा बैंक,Canara Bank,80.1924214,13.084578099999996
POINT (80.1987535 13.0825873),atm,Indian Bank,,Q2003789,en:Indian Bank,,,,Indian Bank,,,Indian Bank,,Q2003789,en:Indian Bank,,,,80.1987535,13.0825873
POINT (80.2695057 13.052885),atm,Axis Bank,,Q2003549,en:Axis Bank,,,,Axis Bank,,24/7,Axis Bank,,Q2003549,en:Axis Bank,,,,80.2695057,13.052885
POINT (80.2124946 13.0401644),atm,Canara Bank,Canara Bank,Q2003777,en:Canara Bank,,,,Canara Bank,,,Canara Bank,,Q2003777,en:Canara Bank,,केनरा बैंक,Canara Bank,80.2124946,13.040164400000002
POINT (80.2116896 13.0570634),atm,,,,,,,,Indicash ATM,,,,,,,,,,80.2116896,13.0570634
POINT (80.2091184 13.0296904),atm,City Union Bank,City Union Bank,Q2040264,,,,,City Union Bank,,,City Union Bank,,Q2040264,,CUB,सिटी यूनियन बैंक,City Union Bank,80.2091184,13.029690399999998
POINT (80.1748778 12.9866854),atm,,,,,,,,,,,,,,,,,,80.1748778,12.9866854
POINT (80.1804073 13.0798051),atm,Tamilnad Mercantile Bank Limited,,Q2044991,,,,,Tamilnad Mercantile Bank Limited,,,Tamilnad Mercantile Bank Limited,,Q2044991,,,,,80.1804073,13.0798051
POINT (80.1812905 13.0777386),atm,State Bank of India,State Bank of India,Q1340361,,yes,no,yes,State Bank of India,"Contributors are requested to not edit the ""brand"", ""brand:en"", ""brand:wikidata"", ""operator"", ""operator:en"" and ""operator:wikidata"" tags. (2025/03/03)",24/7,State Bank of India,State Bank of India,Q1340361,,SBI,,,80.1812905,13.0777386
POINT (80.2092043 13.0494006),atm,ICICI Bank,ICICI Bank,Q1653258,en:ICICI Bank,yes,no,yes,ICICI Bank,"Contributors are requested to not edit the ""brand"", ""brand:en"", ""brand:wikidata"", ""operator"", ""operator:en"" and ""operator:wikidata"" tags. (2025/03/03)",24/7,ICICI Bank,ICICI Bank,Q1653258,en:ICICI Bank,ICICI,,,80.2092043,13.049400600000002
POINT (80.2757315 13.0614042),atm,,,,,,,,,,,bank of boroda,,,,,,,80.2757315,13.0614042
POINT (80.2866045 13.080138),atm,State Bank of India,State Bank of India,Q1340361,,yes,no,yes,,"Contributors are requested to not edit the ""brand"", ""brand:en"", ""brand:wikidata"", ""operator"", ""operator:en"" and ""operator:wikidata"" tags. (2025/03/03)",24/7,State Bank of India,State Bank of India,Q1340361,,SBI,,,80.2866045,13.080138000000002
POINT (80.2627557 13.0744747),atm,,,,,,,,,,,,,,,,,,80.2627557,13.0744747
POINT (80.2866224 13.0801885),atm,Axis Bank,,Q2003549,en:Axis Bank,,,,Axis Bank,,,Axis Bank,,Q2003549,en:Axis Bank,,,,80.2866224,13.080188499999998
POINT (80.2866326 13.0802396),atm,Indian Bank,,Q2003789,en:Indian Bank,,,,Indian Bank,,,Indian Bank,,Q2003789,en:Indian Bank,,,,80.2866326,13.0802396
POINT (80.2622478 13.0744128),atm,Karur Vysya Bank,,Q6373724,,,,,Karur Vysya Bank,,,Karur Vysya Bank,,Q6373724,,,,,80.2622478,13.0744128
POINT (80.2865943 13.080095),atm,ICICI Bank,ICICI Bank,Q1653258,en:ICICI Bank,yes,no,yes,ICICI Bank,"Contributors are requested to not edit the ""brand"", ""brand:en"", ""brand:wikidata"", ""operator"", ""operator:en"" and ""operator:wikidata"" tags. (2025/03/03)",24/7,ICICI Bank,ICICI Bank,Q1653258,en:ICICI Bank,ICICI,,,80.2865943,13.080095000000002
POINT (80.2619955 13.0741156),atm,,,,,,,,,,,,,,,,,,80.2619955,13.074115600000004
POINT (80.2554789 13.069449),atm,,,,,,,,,,,,,,,,,,80.2554789,13.069449000000002
POINT (80.2042888 12.9801453),atm,Indian Bank,,Q2003789,,,,,Indian Bank,,,Indian Bank,,Q2003789,,,,,80.2042888,12.980145300000002
POINT (80.2101487 13.1074334),atm,State Bank of India,State Bank of India,Q1340361,en:State Bank of India,yes,no,yes,State Bank of India,"Contributors are requested to not edit the ""brand"", ""brand:en"", ""brand:wikidata"", ""operator"", ""operator:en"" and ""operator:wikidata"" tags. (2025/03/03)",24/7,State Bank of India,State Bank of India,Q1340361,en:State Bank of India,SBI,,,80.2101487,13.1074334
POINT (80.196884 13.0874666),atm,South Indian Bank,,Q2044973,,,,,South Indian Bank,,,South Indian Bank,,Q2044973,,,,,80.196884,13.0874666
POINT (80.2514393 12.9775683),atm,IndusInd Bank,,Q2040323,,,,,IndusInd Bank,,,IndusInd Bank,,Q2040323,,,,,80.2514393,12.977568299999996
POINT (80.2513119 12.9774476),atm,Axis Bank,,Q2003549,,,,,,,,Axis Bank,,Q2003549,,,,,80.2513119,12.977447599999998
POINT (80.2512818 12.9774372),atm,City Union Bank,City Union Bank,Q2040264,,,,,,,,City Union Bank,,Q2040264,,CUB,सिटी यूनियन बैंक,City Union Bank,80.2512818,12.977437200000002
POINT (80.2510412 12.9773441),atm,ICICI Bank,ICICI Bank,Q1653258,,yes,no,yes,ICICI Bank,"Contributors are requested to not edit the ""brand"", ""brand:en"", ""brand:wikidata"", ""operator"", ""operator:en"" and ""operator:wikidata"" tags. (2025/03/03)",24/7,ICICI Bank,ICICI Bank,Q1653258,,ICICI,,,80.25104120000002,12.977344100000002
POINT (80.2509345 12.9801406),atm,State Bank of India,State Bank of India,Q1340361,,yes,no,yes,State Bank of India,"Contributors are requested to not edit the ""brand"", ""brand:en"", ""brand:wikidata"", ""operator"", ""operator:en"" and ""operator:wikidata"" tags. (2025/03/03)",24/7,State Bank of India,State Bank of India,Q1340361,,SBI,,,80.2509345,12.980140600000002
POINT (80.2770249 13.0305536),atm,State Bank of India,State Bank of India,Q1340361,en:State Bank of India,yes,no,yes,State Bank of India,"Contributors are requested to not edit the ""brand"", ""brand:en"", ""brand:wikidata"", ""operator"", ""operator:en"" and ""operator:wikidata"" tags. (2025/03/03)",24/7,State Bank of India,State Bank of India,Q1340361,en:State Bank of India,SBI,,,80.2770249,13.0305536
POINT (80.2686536 13.0809411),atm,State Bank of India,State Bank of India,Q1340361,en:State Bank of India,yes,no,yes,State Bank of India,"Contributors are requested to not edit the ""brand"", ""brand:en"", ""brand:wikidata"", ""operator"", ""operator:en"" and ""operator:wikidata"" tags. (2025/03/03)",24/7,State Bank of India,State Bank of India,Q1340361,en:State Bank of India,SBI,,,80.2686536,13.0809411
POINT (80.2737043 13.0666645),atm,ICICI Bank,ICICI Bank,Q1653258,en:ICICI Bank,yes,no,yes,ICICI Bank,"Contributors are requested to not edit the ""brand"", ""brand:en"", ""brand:wikidata"", ""operator"", ""operator:en"" and ""operator:wikidata"" tags. (2025/03/03)",24/7,ICICI Bank,ICICI Bank,Q1653258,en:ICICI Bank,ICICI,,,80.2737043,13.066664500000002
POINT (80.2738187 13.0661682),atm,,,,,,,,,,,Lakshmi Vilas Bank,,,,,,,80.2738187,13.066168199999998
POINT (80.2730667 13.0671125),atm,State Bank of India,State Bank of India,Q1340361,en:State Bank of India,yes,no,yes,State Bank of India,"Contributors are requested to not edit the ""brand"", ""brand:en"", ""brand:wikidata"", ""operator"", ""operator:en"" and ""operator:wikidata"" tags. (2025/03/03)",24/7,State Bank of India,State Bank of India,Q1340361,en:State Bank of India,SBI,,,80.2730667,13.0671125
POINT (80.2718111 13.0687668),atm,ICICI Bank,ICICI Bank,Q1653258,,yes,no,yes,,"Contributors are requested to not edit the ""brand"", ""brand:en"", ""brand:wikidata"", ""operator"", ""operator:en"" and ""operator:wikidata"" tags. (2025/03/03)",24/7,ICICI Bank,ICICI Bank,Q1653258,,ICICI,,,80.2718111,13.0687668
POINT (80.2711311 13.0677473),atm,,,,,,,,Digi Zone,,,digizone,,,,,,,80.2711311,13.0677473
POINT (80.2707209 13.067372),atm,South Indian Bank,,Q2044973,en:South Indian Bank,,,,South Indian Bank,,,South Indian Bank,,Q2044973,en:South Indian Bank,,,,80.2707209,13.067372
POINT (80.2707892 13.0674249),atm,,,,,,,,,,,Indusland Bank,,,,,,,80.2707892,13.0674249
POINT (80.2116081 13.0508286),atm,Bank of Baroda,,Q2003797,en:Bank of Baroda,,,,Bank of Baroda,,,Bank of Baroda,,Q2003797,en:Bank of Baroda,,,,80.2116081,13.050828599999994
POINT (80.2116062 13.0509355),atm,Indian Overseas Bank,,Q2003611,en:Indian Overseas Bank,,,,Indian Overseas Bank,,,Indian Overseas Bank,,Q2003611,en:Indian Overseas Bank,,,,80.2116062,13.050935499999998
POINT (80.2118631 13.0510984),atm,State Bank of India,State Bank of India,Q1340361,,yes,no,yes,,"Contributors are requested to not edit the ""brand"", ""brand:en"", ""brand:wikidata"", ""operator"", ""operator:en"" and ""operator:wikidata"" tags. (2025/03/03)",24/7,State Bank of India,State Bank of India,Q1340361,,SBI,,,80.2118631,13.0510984
POINT (80.2669641 13.044745),atm,Punjab National Bank,,Q2743499,en:Punjab National Bank,,,,Punjab National Bank,,,Punjab National Bank,,Q2743499,en:Punjab National Bank,,,,80.2669641,13.044745
POINT (80.2129835 13.0871248),atm,Andhra Bank,,Q2003476,en:Andhra Bank,,,,Andhra Bank,,,Andhra Bank,,Q2003476,en:Andhra Bank,,,,80.2129835,13.0871248
POINT (80.2100847 13.1055745),atm,Canara Bank,Canara Bank,Q2003777,en:Canara Bank,yes,no,,Canara Bank,,,Canara Bank,,Q2003777,,,केनरा बैंक,Canara Bank,80.2100847,13.105574499999998
POINT (80.1768658 13.0246313),atm,HDFC Bank,HDFC Bank,Q631047,en:HDFC Bank,yes,no,yes,HDFC Bank,"Contributors are requested to not edit the ""brand"", ""brand:en"", ""brand:wikidata"", ""operator"", ""operator:en"" and ""operator:wikidata"" tags. (2025/03/03)",24/7,HDFC Bank,HDFC Bank,Q631047,en:HDFC Bank,HDFC,,,80.1768658,13.0246313
POINT (80.1771232 13.0270886),atm,ICICI Bank,ICICI Bank,Q1653258,en:ICICI Bank,yes,no,yes,ICICI Bank,"Contributors are requested to not edit the ""brand"", ""brand:en"", ""brand:wikidata"", ""operator"", ""operator:en"" and ""operator:wikidata"" tags. (2025/03/03)",24/7,ICICI Bank,ICICI Bank,Q1653258,en:ICICI Bank,ICICI,,,80.1771232,13.0270886
POINT (80.1697918 13.0954718),atm,HDFC Bank,HDFC Bank,Q631047,,yes,no,yes,HDFC Bank,"Contributors are requested to not edit the ""brand"", ""brand:en"", ""brand:wikidata"", ""operator"", ""operator:en"" and ""operator:wikidata"" tags. (2025/03/03)",24/7,HDFC Bank,HDFC Bank,Q631047,,HDFC,,,80.1697918,13.095471799999997
POINT (80.2426006 13.0559779),atm,State Bank of India,State Bank of India,Q1340361,en:State Bank of India,yes,no,yes,State Bank of India,"Contributors are requested to not edit the ""brand"", ""brand:en"", ""brand:wikidata"", ""operator"", ""operator:en"" and ""operator:wikidata"" tags. (2025/03/03)",24/7,State Bank of India,State Bank of India,Q1340361,en:State Bank of India,SBI,,,80.2426006,13.055977900000002
POINT (80.2481717 13.055904),atm,Syndicate Bank,,Q2004088,en:Syndicate Bank,,,,Syndicate Bank,,,Syndicate Bank,,Q2004088,en:Syndicate Bank,,,,80.2481717,13.055903999999998
POINT (80.2490116 13.0555789),atm,,,,,,,,Punjab Bank,,,,,,,,,,80.2490116,13.055578900000002
POINT (80.2444046 13.0549203),atm,State Bank of India,State Bank of India,Q1340361,en:State Bank of India,yes,no,yes,State Bank of India,"Contributors are requested to not edit the ""brand"", ""brand:en"", ""brand:wikidata"", ""operator"", ""operator:en"" and ""operator:wikidata"" tags. (2025/03/03)",24/7,State Bank of India,State Bank of India,Q1340361,en:State Bank of India,SBI,,,80.2444046,13.054920299999996
POINT (80.2424645 13.0553751),atm,ICICI Bank,ICICI Bank,Q1653258,en:ICICI Bank,yes,no,yes,ICICI Bank,"Contributors are requested to not edit the ""brand"", ""brand:en"", ""brand:wikidata"", ""operator"", ""operator:en"" and ""operator:wikidata"" tags. (2025/03/03)",24/7,ICICI Bank,ICICI Bank,Q1653258,en:ICICI Bank,ICICI,,,80.2424645,13.0553751
POINT (80.2473074 13.0532926),atm,Canara Bank,Canara Bank,Q2003777,en:Canara Bank,,,,Canara Bank,,,Canara Bank,,Q2003777,en:Canara Bank,,केनरा बैंक,Canara Bank,80.2473074,13.0532926
POINT (80.2465939 13.053128),atm,Bandhan Bank,,Q19882235,en:Bandhan Bank,,,,Bandhan Bank,,,Bandhan Bank,,Q19882235,en:Bandhan Bank,,,,80.2465939,13.053127999999996
POINT (80.2425157 13.0586237),atm,,,,,,,,,,,DCB Bank,,,,,,,80.2425157,13.058623699999998
POINT (80.2414341 13.0582447),atm,,,,,,,,,,,UCB Bank,,,,,,,80.2414341,13.0582447
POINT (80.1904406 12.9708044),atm,Tamilnad Mercantile Bank Limited,,Q2044991,,yes,no,,Tamilnad Mercantile Bank Limited,,,Tamilnad Mercantile Bank Limited,,Q2044991,,,,,80.1904406,12.9708044
POINT (80.1903771 12.9710295),atm,Canara Bank,Canara Bank,Q2003777,en:Canara Bank,yes,no,,Canara Bank,,,Canara Bank,,Q2003777,,,केनरा बैंक,Canara Bank,80.1903771,12.971029499999997
POINT (80.2239769 12.9773907),atm,Bandhan Bank,,Q19882235,,yes,,,Bandhan Bank,,,Bandhan Bank,,Q19882235,,,,,80.2239769,12.9773907
POINT (80.210961 13.0370822),atm,Indian Overseas Bank,,Q2003611,en:Indian Overseas Bank,,,,Indian Overseas Bank,,24/7,Indian Overseas Bank,,Q2003611,en:Indian Overseas Bank,,,,80.210961,13.0370822
POINT (80.2111799 13.0370621),atm,Bank of Baroda,,Q2003797,en:Bank of Baroda,,,,Bank of Baroda,,,Bank of Baroda,,Q2003797,en:Bank of Baroda,,,,80.2111799,13.0370621
POINT (80.2099479 13.0277712),atm,Axis Bank,,Q2003549,en:Axis Bank,,,,Axis Bank,,24/7,Axis Bank,,Q2003549,en:Axis Bank,,,,80.20994790000002,13.027771200000002
POINT (80.2088633 13.0280282),atm,Indian Bank,,Q2003789,en:Indian Bank,,,,Indian Bank,,,Indian Bank,,Q2003789,en:Indian Bank,,,,80.20886330000002,13.0280282
POINT (80.2120008 13.0278116),atm,Bank of Baroda,,Q2003797,en:Bank of Baroda,,,,Bank of Baroda,,,Bank of Baroda,,Q2003797,en:Bank of Baroda,,,,80.2120008,13.0278116
POINT (80.2099324 13.0277798),atm,ICICI Bank,ICICI Bank,Q1653258,en:ICICI Bank,yes,no,yes,ICICI Bank,"Contributors are requested to not edit the ""brand"", ""brand:en"", ""brand:wikidata"", ""operator"", ""operator:en"" and ""operator:wikidata"" tags. (2025/03/03)",24/7,ICICI Bank,ICICI Bank,Q1653258,en:ICICI Bank,ICICI,,,80.2099324,13.0277798
POINT (80.2099787 13.0304702),atm,HDFC Bank,HDFC Bank,Q631047,en:HDFC Bank,yes,no,yes,HDFC Bank,"Contributors are requested to not edit the ""brand"", ""brand:en"", ""brand:wikidata"", ""operator"", ""operator:en"" and ""operator:wikidata"" tags. (2025/03/03)",24/7,HDFC Bank,HDFC Bank,Q631047,en:HDFC Bank,HDFC,,,80.2099787,13.0304702
POINT (80.1831074 12.9787857),atm,State Bank of India,State Bank of India,Q1340361,en:State Bank of India,yes,no,yes,State Bank of India,"Contributors are requested to not edit the ""brand"", ""brand:en"", ""brand:wikidata"", ""operator"", ""operator:en"" and ""operator:wikidata"" tags. (2025/03/03)",24/7,State Bank of India,State Bank of India,Q1340361,en:State Bank of India,SBI,,,80.1831074,12.978785699999998
POINT (80.1831133 12.9787319),atm,ICICI Bank,ICICI Bank,Q1653258,en:ICICI Bank,yes,no,yes,ICICI Bank,"Contributors are requested to not edit the ""brand"", ""brand:en"", ""brand:wikidata"", ""operator"", ""operator:en"" and ""operator:wikidata"" tags. (2025/03/03)",24/7,ICICI Bank,ICICI Bank,Q1653258,en:ICICI Bank,ICICI,,,80.1831133,12.9787319
POINT (80.1831219 12.9786591),atm,Punjab National Bank,,Q2743499,en:Punjab National Bank,,,,Punjab National Bank,,,Punjab National Bank,,Q2743499,en:Punjab National Bank,,,,80.1831219,12.9786591
POINT (80.192262 12.974386),atm,HDFC Bank,HDFC Bank,Q631047,en:HDFC Bank,yes,no,yes,HDFC Bank,"Contributors are requested to not edit the ""brand"", ""brand:en"", ""brand:wikidata"", ""operator"", ""operator:en"" and ""operator:wikidata"" tags. (2025/03/03)",24/7,HDFC Bank,HDFC Bank,Q631047,en:HDFC Bank,HDFC,,,80.192262,12.974386
POINT (80.1938226 12.9772869),atm,Axis Bank,,Q2003549,en:Axis Bank,,,,Axis Bank,,,Axis Bank,,Q2003549,en:Axis Bank,,,,80.1938226,12.9772869
POINT (80.1938303 12.977345),atm,Canara Bank,Canara Bank,Q2003777,en:Canara Bank,,,,Canara Bank,,,Canara Bank,,Q2003777,,,केनरा बैंक,Canara Bank,80.1938303,12.977345
POINT (80.1917534 12.9730356),atm,Indian Bank,,Q2003789,en:Indian Bank,,,,Indian Bank,,,Indian Bank,,Q2003789,en:Indian Bank,,,,80.1917534,12.973035599999998
POINT (80.1920876 12.9651522),atm,,,,,,,,,,,Lakshmi Vilas Bank,,Q6479935,en:Lakshmi Vilas Bank,,,,80.1920876,12.9651522
POINT (80.2419714 13.0699549),atm,State Bank of India,State Bank of India,Q1340361,en:State Bank of India,yes,no,yes,State Bank of India,"Contributors are requested to not edit the ""brand"", ""brand:en"", ""brand:wikidata"", ""operator"", ""operator:en"" and ""operator:wikidata"" tags. (2025/03/03)",24/7,State Bank of India,State Bank of India,Q1340361,en:State Bank of India,SBI,,,80.2419714,13.0699549
POINT (80.1803841 13.0501228),atm,HDFC Bank,HDFC Bank,Q631047,,yes,no,yes,HDFC Bank,"Contributors are requested to not edit the ""brand"", ""brand:en"", ""brand:wikidata"", ""operator"", ""operator:en"" and ""operator:wikidata"" tags. (2025/03/03)",24/7,HDFC Bank,HDFC Bank,Q631047,,HDFC,,,80.1803841,13.0501228
POINT (80.1814506 13.0496187),atm,Punjab National Bank,,Q2743499,,,,,Punjab National Bank,,,Punjab National Bank,,Q2743499,,,,,80.1814506,13.0496187
POINT (80.1901741 12.9692659),atm,ICICI Bank,ICICI Bank,Q1653258,en:ICICI Bank,yes,no,yes,ICICI Bank,"Contributors are requested to not edit the ""brand"", ""brand:en"", ""brand:wikidata"", ""operator"", ""operator:en"" and ""operator:wikidata"" tags. (2025/03/03)",24/7,ICICI Bank,ICICI Bank,Q1653258,en:ICICI Bank,ICICI,,,80.1901741,12.969265899999998
POINT (80.2250666 12.9780142),atm,Union Bank of India,,Q2004078,,,,,Union Bank of India,,,Union Bank of India,,Q2004078,,,,,80.2250666,12.9780142
POINT (80.2237585 12.9822495),atm,ICICI Bank,ICICI Bank,Q1653258,,yes,no,yes,ICICI Bank,"Contributors are requested to not edit the ""brand"", ""brand:en"", ""brand:wikidata"", ""operator"", ""operator:en"" and ""operator:wikidata"" tags. (2025/03/03)",24/7,ICICI Bank,ICICI Bank,Q1653258,,ICICI,,,80.2237585,12.9822495
POINT (80.2217445 12.982491),atm,Union Bank of India,,Q2004078,,,,,Union Bank of India,,,Union Bank of India,,Q2004078,,,,,80.2217445,12.982490999999998
POINT (80.2223684 12.9764583),atm,Canara Bank,Canara Bank,Q2003777,,,,,Canara Bank,,,Canara Bank,,Q2003777,,,केनरा बैंक,Canara Bank,80.22236840000001,12.976458299999996
POINT (80.2208708 12.9806162),atm,HDFC Bank,HDFC Bank,Q631047,,yes,no,yes,HDFC Bank,"Contributors are requested to not edit the ""brand"", ""brand:en"", ""brand:wikidata"", ""operator"", ""operator:en"" and ""operator:wikidata"" tags. (2025/03/03)",24/7,HDFC Bank,HDFC Bank,Q631047,,HDFC,,,80.2208708,12.980616200000002
POINT (80.1900091 12.9695824),atm,HDFC Bank,HDFC Bank,Q631047,en:HDFC Bank,yes,no,yes,HDFC Bank,"Contributors are requested to not edit the ""brand"", ""brand:en"", ""brand:wikidata"", ""operator"", ""operator:en"" and ""operator:wikidata"" tags. (2025/03/03)",24/7,HDFC Bank,HDFC Bank,Q631047,en:HDFC Bank,HDFC,,,80.1900091,12.969582400000002
POINT (80.1795897 13.0910333),atm,,,,,,,,,,,,,,,,,,80.1795897,13.0910333
POINT (80.2877737 13.0904759),atm,ICICI Bank,ICICI Bank,Q1653258,,yes,no,yes,ICICI Bank,"Contributors are requested to not edit the ""brand"", ""brand:en"", ""brand:wikidata"", ""operator"", ""operator:en"" and ""operator:wikidata"" tags. (2025/03/03)",24/7,ICICI Bank,ICICI Bank,Q1653258,,ICICI,,,80.2877737,13.0904759
POINT (80.2877164 13.0900552),atm,South Indian Bank,,Q2044973,,,,,South Indian Bank,,,South Indian Bank,,Q2044973,,,,,80.2877164,13.090055199999998
POINT (80.1831365 12.9785921),atm,Axis Bank,,Q2003549,,,,,Axis Bank,,24/7,Axis Bank,,Q2003549,,,,,80.1831365,12.978592100000002
POINT (80.1834144 12.9751862),atm,Vijaya Bank ATM,,,,,,,,,24/7,Vijaya Bank,,,,,,,80.1834144,12.9751862
POINT (80.2427481 13.0593325),atm,Bank of Baroda,,Q2003797,,,,,Bank of Baroda,,,Bank of Baroda,,Q2003797,,,,,80.24274810000001,13.0593325
POINT (80.2862653 13.0961756),atm,City Union Bank,City Union Bank,Q2040264,,,,,City Union Bank,,,City Union Bank,,Q2040264,,CUB,सिटी यूनियन बैंक,City Union Bank,80.2862653,13.0961756
POINT (80.285344 13.0896743),atm,IndusInd Bank,,Q2040323,,,,,IndusInd Bank,,,IndusInd Bank,,Q2040323,,,,,80.285344,13.0896743
POINT (80.2853413 13.0896462),atm,Canara Bank,Canara Bank,Q2003777,,,,,Canara Bank,,,Canara Bank,,Q2003777,,,केनरा बैंक,Canara Bank,80.2853413,13.0896462
POINT (80.2016261 13.1251825),atm,Indian Bank,,Q2003789,,,,,Indian Bank,,,Indian Bank,,Q2003789,,,,,80.2016261,13.1251825
POINT (80.2015059 13.123587),atm,Axis Bank,,Q2003549,,,,,Axis Bank,,,Axis Bank,,Q2003549,,,,,80.2015059,13.123586999999995
POINT (80.2015027 13.1237761),atm,Indian Overseas Bank,,Q2003611,,,,,Indian Overseas Bank,,,Indian Overseas Bank,,Q2003611,,,,,80.2015027,13.1237761
POINT (80.2421553 13.0319576),atm,City Union Bank,City Union Bank,Q2040264,,,,,City Union Bank,,,City Union Bank,,Q2040264,,CUB,सिटी यूनियन बैंक,City Union Bank,80.2421553,13.0319576
POINT (80.2905244 13.1026569),atm,ICICI Bank,ICICI Bank,Q1653258,,yes,no,yes,ICICI Bank,"Contributors are requested to not edit the ""brand"", ""brand:en"", ""brand:wikidata"", ""operator"", ""operator:en"" and ""operator:wikidata"" tags. (2025/03/03)",24/7,ICICI Bank,ICICI Bank,Q1653258,,ICICI,,,80.2905244,13.1026569
POINT (80.2905213 13.1026336),atm,State Bank of India,State Bank of India,Q1340361,,yes,no,yes,State Bank of India,"Contributors are requested to not edit the ""brand"", ""brand:en"", ""brand:wikidata"", ""operator"", ""operator:en"" and ""operator:wikidata"" tags. (2025/03/03)",24/7,State Bank of India,State Bank of India,Q1340361,,SBI,,,80.2905213,13.1026336
POINT (80.2899089 13.1025752),atm,State Bank of India,State Bank of India,Q1340361,,yes,no,yes,State Bank of India,"Contributors are requested to not edit the ""brand"", ""brand:en"", ""brand:wikidata"", ""operator"", ""operator:en"" and ""operator:wikidata"" tags. (2025/03/03)",24/7,State Bank of India,State Bank of India,Q1340361,,SBI,,,80.2899089,13.1025752
POINT (80.1707399 13.0996555),atm,State Bank of India,State Bank of India,Q1340361,,yes,no,yes,SBI ATM,"Contributors are requested to not edit the ""brand"", ""brand:en"", ""brand:wikidata"", ""operator"", ""operator:en"" and ""operator:wikidata"" tags. (2025/03/03)",24/7,State Bank of India,State Bank of India,Q1340361,,SBI,,,80.1707399,13.0996555
POINT (80.2867135 13.0985202),atm,ICICI Bank,ICICI Bank,Q1653258,,yes,no,yes,,"Contributors are requested to not edit the ""brand"", ""brand:en"", ""brand:wikidata"", ""operator"", ""operator:en"" and ""operator:wikidata"" tags. (2025/03/03)",24/7,ICICI Bank,ICICI Bank,Q1653258,,ICICI,,,80.2867135,13.0985202
POINT (80.2867305 13.0987516),atm,Indian Overseas Bank,,Q2003611,,,,,,,,Indian Overseas Bank,,Q2003611,,,,,80.2867305,13.098751599999998
POINT (80.2782183 13.0579566),atm,State Bank of India,State Bank of India,Q1340361,,yes,no,yes,,"Contributors are requested to not edit the ""brand"", ""brand:en"", ""brand:wikidata"", ""operator"", ""operator:en"" and ""operator:wikidata"" tags. (2025/03/03)",24/7,State Bank of India,State Bank of India,Q1340361,,SBI,,,80.2782183,13.0579566
POINT (80.290344 13.0968317),atm,,,,,,,,,,,indicash,,,,,,,80.290344,13.0968317
POINT (80.2891889 13.0967994),atm,State Bank of India,State Bank of India,Q1340361,,yes,no,yes,,"Contributors are requested to not edit the ""brand"", ""brand:en"", ""brand:wikidata"", ""operator"", ""operator:en"" and ""operator:wikidata"" tags. (2025/03/03)",24/7,State Bank of India,State Bank of India,Q1340361,,SBI,,,80.2891889,13.096799400000002
POINT (80.2703775 12.9973913),atm,Yes Bank,,Q2040394,,,,,,,,Yes Bank,,Q2040394,,,,,80.2703775,12.997391300000004
POINT (80.2514437 13.0530098),atm,CSB Bank,,Q5053244,,,,,,,,CSB Bank,,Q5053244,,,,,80.2514437,13.053009799999996
POINT (80.2602547 13.0602416),atm,Indian Overseas Bank,,Q2003611,,,,,,,,Indian Overseas Bank,,Q2003611,,,,,80.2602547,13.060241599999998
POINT (80.2701198 13.0667051),atm,Indian Bank,,Q2003789,,,,,,,,Indian Bank,,Q2003789,,,,,80.2701198,13.066705099999998
POINT (80.2922808 13.0985331),atm,,,,,,,,,,,indicash,,,,,,,80.2922808,13.098533099999996
POINT (80.2421339 12.9597483),atm,Union Bank of India,,Q2004078,,yes,,,,,,Union Bank of India,,Q2004078,,,,,80.2421339,12.959748299999996
POINT (80.2878941 13.099817),atm,Axis Bank,,Q2003549,,,,,,,,Axis Bank,,Q2003549,,,,,80.2878941,13.099816999999998
POINT (80.280136 13.0999075),atm,State Bank of India,State Bank of India,Q1340361,,yes,no,yes,,"Contributors are requested to not edit the ""brand"", ""brand:en"", ""brand:wikidata"", ""operator"", ""operator:en"" and ""operator:wikidata"" tags. (2025/03/03)",24/7,State Bank of India,State Bank of India,Q1340361,,SBI,,,80.280136,13.0999075
POINT (80.2761381 13.0840024),atm,Kotak Mahindra Bank,,Q2040404,,,,,,,,Kotak Mahindra Bank,,Q2040404,,,,,80.2761381,13.0840024
POINT (80.2824716 13.09123),atm,City Union Bank,City Union Bank,Q2040264,,,,,,,,City Union Bank,,Q2040264,,CUB,सिटी यूनियन बैंक,City Union Bank,80.2824716,13.09123
POINT (80.2795714 13.0856071),atm,South Indian Bank,,Q2044973,,,,,,,,South Indian Bank,,Q2044973,,,,,80.2795714,13.0856071
POINT (80.275384 13.0917506),atm,Axis Bank,,Q2003549,,,,,,,,Axis Bank,,Q2003549,,,,,80.275384,13.0917506
POINT (80.2760158 13.0912034),atm,Union Bank of India,,Q2004078,,,,,,,,Union Bank of India,,Q2004078,,,,,80.2760158,13.091203400000005
POINT (80.2760396 13.0911955),atm,ICICI Bank,ICICI Bank,Q1653258,,yes,no,yes,,"Contributors are requested to not edit the ""brand"", ""brand:en"", ""brand:wikidata"", ""operator"", ""operator:en"" and ""operator:wikidata"" tags. (2025/03/03)",24/7,ICICI Bank,ICICI Bank,Q1653258,,ICICI,,,80.2760396,13.091195499999998
POINT (80.2799358 13.0975129),atm,Indian Overseas Bank,,Q2003611,,,,,,,,Indian Overseas Bank,,Q2003611,,,,,80.2799358,13.097512900000002
POINT (80.2817372 13.0933923),atm,Union Bank of India,,Q2004078,,,,,,,,Union Bank of India,,Q2004078,,,,,80.2817372,13.093392299999998
POINT (80.2423507 12.8636897),atm,State Bank of India,State Bank of India,Q1340361,,yes,no,yes,,"Contributors are requested to not edit the ""brand"", ""brand:en"", ""brand:wikidata"", ""operator"", ""operator:en"" and ""operator:wikidata"" tags. (2025/03/03)",24/7,State Bank of India,State Bank of India,Q1340361,,SBI,,,80.2423507,12.863689699999997
POINT (80.1793893 13.0833915),atm,Indian Bank,,Q2003789,,,,,,,,Indian Bank,,Q2003789,,,,,80.1793893,13.083391499999996
POINT (80.1748405 13.0835496),atm,HDFC Bank,HDFC Bank,Q631047,,yes,no,yes,,"Contributors are requested to not edit the ""brand"", ""brand:en"", ""brand:wikidata"", ""operator"", ""operator:en"" and ""operator:wikidata"" tags. (2025/03/03)",24/7,HDFC Bank,HDFC Bank,Q631047,,HDFC,,,80.1748405,13.0835496
POINT (80.1746201 13.0835193),atm,ICICI Bank,ICICI Bank,Q1653258,,yes,no,yes,,"Contributors are requested to not edit the ""brand"", ""brand:en"", ""brand:wikidata"", ""operator"", ""operator:en"" and ""operator:wikidata"" tags. (2025/03/03)",24/7,ICICI Bank,ICICI Bank,Q1653258,,ICICI,,,80.1746201,13.0835193
POINT (80.1750656 13.0839195),atm,Canara Bank,Canara Bank,Q2003777,,,,,,,,Canara Bank,,Q2003777,,,केनरा बैंक,Canara Bank,80.1750656,13.083919500000002
POINT (80.2373607 13.0789991),atm,,,,,,,,,,24/7,SBI Bank,,,,,,,80.2373607,13.0789991
POINT (80.2800248 13.1026566),atm,Tamilnad Mercantile Bank Limited,,Q2044991,,,,,,,,Tamilnad Mercantile Bank Limited,,Q2044991,,,,,80.2800248,13.1026566
POINT (80.2366589 13.0140871),atm,Karur Vysya Bank,,Q6373724,,,,,,,,Karur Vysya Bank,,Q6373724,,,,,80.2366589,13.014087099999996
POINT (80.2848093 13.1001821),atm,Canara Bank,Canara Bank,Q2003777,,,,,,,,Canara Bank,,Q2003777,,,केनरा बैंक,Canara Bank,80.2848093,13.1001821
POINT (80.1673973 12.9833519),atm,Indian Overseas Bank,,Q2003611,,,,,Indian Overseas Bank ATM,,,Indian Overseas Bank,,Q2003611,,,,,80.1673973,12.9833519
POINT (80.1673576 12.9834825),atm,Allahabad Bank,,Q2018840,,,,,Allahabad bank ATM,,,Allahabad Bank,,Q2018840,,,,,80.1673576,12.9834825
POINT (80.1664969 12.983329),atm,Canara Bank,Canara Bank,Q2003777,,,,,Canara Bank,,,Canara Bank,,Q2003777,,,केनरा बैंक,Canara Bank,80.16649690000001,12.983328999999998
POINT (80.1660427 12.98323),atm,Indian Bank,,Q2003789,,,,,Indian Bank,,,Indian Bank,,Q2003789,,,,,80.1660427,12.98323
POINT (80.2417176 13.0497445),atm,ICICI Bank,ICICI Bank,Q1653258,,yes,no,yes,ICICI Bank,"Contributors are requested to not edit the ""brand"", ""brand:en"", ""brand:wikidata"", ""operator"", ""operator:en"" and ""operator:wikidata"" tags. (2025/03/03)",24/7,ICICI Bank,ICICI Bank,Q1653258,,ICICI,,,80.2417176,13.0497445
POINT (80.2444692 13.059406),atm,ICICI Bank,ICICI Bank,Q1653258,,yes,no,yes,ICICI Bank,"Contributors are requested to not edit the ""brand"", ""brand:en"", ""brand:wikidata"", ""operator"", ""operator:en"" and ""operator:wikidata"" tags. (2025/03/03)",24/7,ICICI Bank,ICICI Bank,Q1653258,,ICICI,,,80.2444692,13.059405999999996
POINT (80.2442655 13.0616316),atm,Bank of Baroda,,Q2003797,,,,,Bank of Baroda,,,Bank of Baroda,,Q2003797,,,,,80.24426550000001,13.061631599999998
POINT (80.2438028 13.0616283),atm,Axis Bank,,Q2003549,,,,,Axis Bank,,,Axis Bank,,Q2003549,,,,,80.2438028,13.0616283
POINT (80.2159427 12.8784422),atm,ICICI Bank,ICICI Bank,Q1653258,,yes,no,yes,,"Contributors are requested to not edit the ""brand"", ""brand:en"", ""brand:wikidata"", ""operator"", ""operator:en"" and ""operator:wikidata"" tags. (2025/03/03)",24/7,ICICI Bank,ICICI Bank,Q1653258,,ICICI,,,80.2159427,12.878442200000002
POINT (80.1480866 13.1213581),atm,Bank of Baroda,,Q2003797,,yes,,,,,,Bank of Baroda,,Q2003797,,,,,80.1480866,13.121358100000002
POINT (80.149259 13.1177438),atm,HDFC Bank,HDFC Bank,Q631047,,yes,no,yes,,"Contributors are requested to not edit the ""brand"", ""brand:en"", ""brand:wikidata"", ""operator"", ""operator:en"" and ""operator:wikidata"" tags. (2025/03/03)",24/7,HDFC Bank,HDFC Bank,Q631047,,HDFC,,,80.149259,13.1177438
POINT (80.2507436 12.97419),atm,Yes Bank,,Q2040394,,,,,Yes Bank,,,Yes Bank,,Q2040394,,,,,80.2507436,12.97419
POINT (80.3085601 13.1838996),atm,HDFC Bank,HDFC Bank,Q631047,,yes,no,yes,,"Contributors are requested to not edit the ""brand"", ""brand:en"", ""brand:wikidata"", ""operator"", ""operator:en"" and ""operator:wikidata"" tags. (2025/03/03)",24/7,HDFC Bank,HDFC Bank,Q631047,,HDFC,,,80.3085601,13.1838996
POINT (80.2431859 12.8670613),atm,HDFC Bank,HDFC Bank,Q631047,,yes,no,yes,HDFC Bank,"Contributors are requested to not edit the ""brand"", ""brand:en"", ""brand:wikidata"", ""operator"", ""operator:en"" and ""operator:wikidata"" tags. (2025/03/03)",24/7,HDFC Bank,HDFC Bank,Q631047,,HDFC,,,80.2431859,12.8670613
POINT (80.242356 12.8638654),atm,State Bank of India,State Bank of India,Q1340361,,yes,no,yes,State Bank of India,"Contributors are requested to not edit the ""brand"", ""brand:en"", ""brand:wikidata"", ""operator"", ""operator:en"" and ""operator:wikidata"" tags. (2025/03/03)",24/7,State Bank of India,State Bank of India,Q1340361,,SBI,,,80.242356,12.8638654
POINT (80.2429293 12.8671268),atm,State Bank of India,State Bank of India,Q1340361,,yes,no,yes,State Bank of India,"Contributors are requested to not edit the ""brand"", ""brand:en"", ""brand:wikidata"", ""operator"", ""operator:en"" and ""operator:wikidata"" tags. (2025/03/03)",24/7,State Bank of India,State Bank of India,Q1340361,,SBI,,,80.2429293,12.8671268
POINT (80.2315148 13.0705151),atm,Axis Bank,,Q2003549,,,,,Axis Bank,,,Axis Bank,,Q2003549,,,,,80.2315148,13.070515099999998
POINT (80.2516573 13.0038929),atm,State Bank of India,,Q1340361,,,,yes,,,,State Bank of India,,Q1340361,,,,,80.2516573,13.0038929
POINT (80.2472772 13.0027082),atm,,,,,,,,,,,,,,,,,,80.2472772,13.0027082
POINT (80.1951837 13.0930233),atm,,,,,,,,,,24/7,State Bank Of India,,,,,,,80.1951837,13.093023299999995
POINT (80.2240652 13.0109174),atm,TMB,,,,,,,,,,,,,,,,,80.2240652,13.0109174
POINT (80.2272635 13.0123058),atm,,,,,,,,,,,SBI,,,,,,,80.2272635,13.012305799999998
POINT (80.2398815 12.9835304),atm,,,,,,,,,,24/7,State Bank of India,,,,,,,80.2398815,12.9835304
POINT (80.2398756 12.9834963),atm,,,,,,,,,,24/7,Canara bank,,,,,,,80.2398756,12.9834963
POINT (80.2398615 12.9834645),atm,,,,,,,,,,24/7,HDFC bank,,,,,,,80.2398615,12.983464499999998
POINT (80.2519849 13.0789921),atm,IndusInd Bank,,Q2040323,,,,,,,24/7,IndusInd Bank,,Q2040323,,,,,80.2519849,13.0789921
POINT (80.2278391 13.0742264),atm,Canara Bank,Canara Bank,Q2003777,,,,,,,,Canara Bank,,Q2003777,,,केनरा बैंक,,80.2278391,13.0742264
POINT (80.193973 13.0572628),atm,City Union Bank,City Union Bank,Q2040264,,,,,,,,City Union Bank,,Q2040264,,,सिटी यूनियन बैंक,,80.193973,13.057262800000002
POINT (80.1934222 13.0561049),atm,Punjab National Bank,,Q2743499,,,,,,,,Punjab National Bank,,Q2743499,,,,,80.1934222,13.0561049
POINT (80.193294 13.0559135),atm,State Bank of India,,Q1340361,,,,,,,,State Bank of India,,Q1340361,,,,,80.193294,13.0559135
POINT (80.2208448 12.9749173),atm,State Bank of India,,Q1340361,,,,,,,,State Bank of India,,Q1340361,,,,,80.2208448,12.974917299999998
POINT (80.2612686 13.0772816),atm,,,,,,,,,,,City union bank,,,,,,,80.2612686,13.0772816
POINT (80.2744086 13.0830094),atm,Indian Overseas Bank,,,,,,,,,,Indian Overseas Bank,,Q2003611,,,,,80.2744086,13.0830094
POINT (80.2184609 13.0844642),atm,Canara Bank,Canara Bank,,,,,,,,24/7,Canara Bank,,Q2003777,,,केनरा बैंक,,80.2184609,13.0844642
POINT (80.2683163 13.0346076),atm,Yes Bank,,Q2040394,,,,yes,,,,Yes Bank,,Q2040394,,,,,80.2683163,13.034607599999998
POINT (80.1953162 13.0661424),atm,State Bank of India,,Q1340361,,,no,yes,,,24/7,State Bank of India,,Q1340361,,,,,80.1953162,13.0661424
POINT (80.2031823 13.0715766),atm,,,,,,,,,,,Punjab National Bank,,,,,,,80.2031823,13.071576599999998
POINT (80.2257857 13.0737964),atm,,,,,,,,,,,HDFC,,,,,,,80.2257857,13.0737964
POINT (80.2257538 13.0733455),atm,,,,,,,,,,,SBI,,,,,,,80.2257538,13.0733455
