geometry,brand,brand:wikidata,brand:wikipedia,name,name:ta,shop,addr:city,addr:postcode,addr:street,bench,bin,bus,highway,organic,public_transport,shelter,website,landuse,operator,addr:housenumber,air_conditioning,changing_table,check_date,currency:INR,internet_access,name:en,payment:cash,payment:credit_cards,payment:debit_cards,payment:mastercard,payment:upi,payment:visa,second_hand,toilets,toilets:wheelchair,wikidata,wikipedia,source,building:levels,phone,ref:vatin,wheelchair,old_addr:housenumber,opening_hours,alt_name,is_in,note,addr:country,addr:place,comment,payment:coins,payment:cryptocurrencies,payment:electronic_purses,payment:notes,description,payment:maestro,addr:full,level,image,panoramax,addr:district,building,payment:google_pay
POINT (80.2508349 13.0390386),Reliance Fresh,Q7311014,en:Reliance Fresh,Reliance Fresh,ரிலையன்ஸ் ஃப்ரெஷ்,supermarket,,,,,,,,,,,,,,,,,,,,,,,,,,,,,,,,,,,,,,,,,,,,,,,,,,,,,,,,,
POINT (80.2518431 13.005869),Nilgiri's,Q17079567,,Nilgiri's,நீல்கிரீஸ்,supermarket,,,,,,,,,,,,,,,,,,,,,,,,,,,,,,,,,,,,,,,,,,,,,,,,,,,,,,,,,
POINT (80.2678 12.9960126),,,,Spencers,,supermarket,Chennai,600090,2nd Avenue,yes,yes,yes,bus_stop,yes,platform,yes,https://www.spencers.in/,,,,,,,,,,,,,,,,,,,,,,,,,,,,,,,,,,,,,,,,,,,,,,
POINT (80.259468 13.0221142),More,Q6910891,,More,,supermarket,,,,,,,,,,,,retail,,,,,,,,,,,,,,,,,,,,,,,,,,,,,,,,,,,,,,,,,,,,,
POINT (80.2495317 13.0287447),,,,Amma Naana,,supermarket,,,,,,,,,,,,,,,,,,,,,,,,,,,,,,,,,,,,,,,,,,,,,,,,,,,,,,,,,
POINT (80.2566384 13.031996),Nilgiri's,Q17079567,,Nilgiri's,நீல்கிரீஸ்,supermarket,,,,,,,,,,,,,,,,,,,,,,,,,,,,,,,,,,,,,,,,,,,,,,,,,,,,,,,,,
POINT (80.2570496 13.0328095),,,,Spencers Daily,,supermarket,Chennai,600118,CP Ramaswamy Road,,,,,yes,,,https://www.spencers.in/,,,,,,,,,,,,,,,,,,,,,,,,,,,,,,,,,,,,,,,,,,,,,,
POINT (80.2637655 13.0443358),,,,Waitrose,வெயிட்ரோஸ்,supermarket,Chennai,600004,P. S. Sivasamy Street,,,,,yes,,,https://www.waitrose.com/,,,,,,,,,,,,,,,,,,,,,,,,,,,,,,,,,,,,,,,,,,,,,,
POINT (80.2041201 13.0520052),,,,LG showroom,,supermarket,,,,,,,,,,,,,,,,,,,,,,,,,,,,,,,,,,,,,,,,,,,,,,,,,,,,,,,,,
POINT (80.219622 13.070585),,,,Fresh @ Aminjikarai,,supermarket,,,,,,,,,,,,,,,,,,,,,,,,,,,,,,,,,,,,,,,,,,,,,,,,,,,,,,,,,
POINT (80.1952529 13.0596967),Reliance Fresh,Q7311014,,Reliance Fresh,,supermarket,,,,,,,,,,,,,,,,,,,,,,,,,,,,,,,,,,,,,,,,,,,,,,,,,,,,,,,,,
POINT (80.2072397 13.0485387),,,,,,supermarket,,,,,,,,,,,,,Nilgiris Supermarket,,,,,,,,,,,,,,,,,,,,,,,,,,,,,,,,,,,,,,,,,,,,
POINT (80.2103428 13.0731363),Reliance Fresh,Q7311014,,Reliance Fresh,,supermarket,,,,,,,,,,,,,Reliance Fresh,,,,,,,,,,,,,,,,,,,,,,,,,,,,,,,,,,,,,,,,,,,,
POINT (80.2108686 13.0768878),,,,Spencer's,,supermarket,Chennai,600106,Poonamallee High Road,,,,,yes,,,https://www.spencers.in/,,,,,,,,,,,,,,,,,,,,,,,,,,,,,,,,,,,,,,,,,,,,,,
POINT (80.2225074 12.9823833),,,,Latta Supermarket,,supermarket,Chennai,600042,Dandeeswaram Main Road,,,,,,,,,,,6,,,,,,,,,,,,,,,,,,,,,,,,,,,,,,,,,,,,,,,,,,,
POINT (80.2516758 13.0398647),,,,K-Store,,supermarket,,,,,,,,,,,,,,,,,,,,,,,,,,,,,,,,,,,,,,,,,,,,,,,,,,,,,,,,,
POINT (80.1855534 13.0443873),,,,Spencers,,supermarket,Chennai,600092,Arcot Road,,,,,yes,,,https://www.spencers.in/,,,,,,,,,,,,,,,,,,,,,,,,,,,,,,,,,,,,,,,,,,,,,,
POINT (80.2136124 13.0629161),,,,Grace Supermarket,,supermarket,Chennai,600026,MMDA Colony Main Rd,,,,,yes,,,https://www.graceonline.in/,,,,,,,,,,,,,,,,,,,,,,,,,,,,,,,,,,,,,,,,,,,,,,
POINT (80.2213633 13.0734564),Star Bazaar,Q124175958,,Star Bazaar,,supermarket,Chennai,600029,Nelson Manickam Road,,,,,yes,,,https://starbazaarindia.com/,,Start Supermarket,,,,,,,,,,,,,,,,,,,,,,,,,,,,,,,,,,,,,,,,,,,,
POINT (80.2160673 13.0354172),,,,Pazhamuthir,,supermarket,,,,,,,,,,,,,,,,,,,,,,,,,,,,,,,,,,,,,,,,,,,,,,,,,,,,,,,,,
POINT (80.2614084 13.0267144),,,,Spencer's Daily,,supermarket,Chennai,600028,2nd Main Road,,,,,yes,,,https://www.spencers.in/,,,,yes,no,2024-05-22,yes,no,Spencer's Daily,yes,yes,yes,yes,yes,yes,no,no,no,,,,,,,,,,,,,,,,,,,,,,,,,,,,
POINT (80.2029956 12.9291074),,,,Nilgiris Supermarket,,supermarket,,,,,,,,,,,,,,,,,,,,,,,,,,,,,,,,,,,,,,,,,,,,,,,,,,,,,,,,,
POINT (80.2430807 13.0206071),,,,Hertiage Fresh Supermarket,,supermarket,,,,,,,,,,,,,,,,,,,,,,,,,,,,,,,,,,,,,,,,,,,,,,,,,,,,,,,,,
POINT (80.1769318 13.0420426),,,,Niligiris,,supermarket,,,,,,,,,,,,,,,,,,,,,,,,,,,,,,,,,,,,,,,,,,,,,,,,,,,,,,,,,
POINT (80.2040587 13.0501632),,,,Spencers Super Market,,supermarket,Vadapalani,600093,Arunachalam St,,,,,yes,,,https://www.spencers.in/,,,,,,,,,,,,,,,,,,,,,,,,,,,,,,,,,,,,,,,,,,,,,,
POINT (80.2580999 12.9737686),,,,J.K. Stores,,supermarket,,,,,,,,,,,,,,,,,,,,,,,,,,,,,,,,,,,,,,,,,,,,,,,,,,,,,,,,,
POINT (80.2580826 12.9735902),,,,Sri Murugan Stores,,supermarket,,,,,,,,,,,,,,,,,,,,,,,,,,,,,,,,,,,,,,,,,,,,,,,,,,,,,,,,,
POINT (80.1903845 13.0468582),,,,Chandra Metro Mall,,supermarket,,,,,,,,,,,,,,,,,,,,,,,,,,,,,,Q5071297,en:Chandra Mall,,,,,,,,,,,,,,,,,,,,,,,,,,
POINT (80.2174636 13.0342232),,,,Jeevan,,supermarket,,,,,,,,,,,,,,,,,,,,,,,,,,,,,,,,,,,,,,,,,,,,,,,,,,,,,,,,,
POINT (80.2522381 12.9952269),,,,Cee Dee Yes supermarket,,supermarket,,600020,I Avenue Indira nagar,,,,,,,,,,,,,,,,,,,,,,,,,,,,,Survey,,,,,,,,,,,,,,,,,,,,,,,,,
POINT (80.229992 12.9810009),,,,Shopper's Paradise,,supermarket,,,,,,,,,,,,,,,,,,,,,,,,,,,,,,,,,,,,,,,,,,,,,,,,,,,,,,,,,
POINT (80.219018 12.9719184),,,,Sri Venkatashwara Supermarket,,supermarket,Chennai,600042,11th Main Road,,,,,,,,,,,28,yes,,2026-03-11,,,,yes,yes,yes,,,,,,,,,,2,+91 44 3550 5365;+91 97865 45001,33AEAPP4783RZU,,,,,,,,,,,,,,,,,,,,,,
POINT (80.2071871 13.0769447),,,,Murugan Supermarket,,supermarket,,,,,,,,,,,,,,,,,,,,,,,,,,,,,,,,,,,,,,,,,,,,,,,,,,,,,,,,,
POINT (80.2563781 12.9614559),,,,Singapore Shoppee,,supermarket,,,,,,,,,,,,,,,,,,,,,,,,,,,,,,,,,,,,no,,,,,,,,,,,,,,,,,,,,,
POINT (80.2467629 13.059543),Nilgiri's,Q17079567,,Nilgiri's,,supermarket,,,,,,,,,,,,,,,,,,,,,,,,,,,,,,,,,,,,limited,,,,,,,,,,,,,,,,,,,,,
POINT (80.2050056 13.0676158),,,,Stop and Shop,,supermarket,,,,,,,,,,,,,,,,,,,,,,,,,,,,,,,,,,,,,,,,,,,,,,,,,,,,,,,,,
POINT (80.2200478 12.9730064),,,,Annachi Super Market,,supermarket,,,,,,,,,,,,,,,,,2026-03-11,,,,,,,,,,,,,,,,,,,,,,,,,,,,,,,,,,,,,,,,
POINT (80.2385427 13.0414126),Reliance Fresh,Q7311014,en:Reliance Fresh,Reliance Fresh,,supermarket,,,,,,,,,,,,,,,,,,,,,,,,,,,,,,,,,,,,,,,,,,,,,,,,,,,,,,,,,
POINT (80.2293217 13.0630707),Reliance Fresh,Q7311014,en:Reliance Fresh,Reliance Fresh,,supermarket,Chennai,600094,Abdullah Street,,,,,,,,,,reliance,25,,,,,,,,,,,,,,,,,,,,,,,10,Mo-Su 07:00-21:00,,,,,,,,,,,,,,,,,,,
POINT (80.18853 12.9825831),,,,Spencer's,,supermarket,,600061,"4th Main Road, Nanganallur",,,,,yes,,,https://www.spencers.in/,,,,,,,,,,,,,,,,,,,,,,,,,,,,Spencers,,,,,,,,,,,,,,,,,,
POINT (80.187849 12.9775601),,,,Mahayoham Supermarket,,supermarket,Chennai,,46th Street,,,,,,,,,,,,,,,,,,,,,,,,,,,,,,,,,,,,,,,,,,,,,,,,,,,,,,
POINT (80.1920439 12.9838491),Nilgiri's,Q17079567,,Nilgiri's,,supermarket,,600061,Nanganallur,,,,,,,,,,,,,,,,,,,,,,,,,,,,,,,,,,,,,,,,,,,,,,,,,,,,,,
POINT (80.191427 12.9830023),,,,Heritage Fresh,,supermarket,,600061,Nanganallur,,,,,,,,,,,,,,,,,,,,,,,,,,,,,,,,,,,,,,,,,,,,,,,,,,,,,,
POINT (80.1749834 13.0163006),,,,Alams Super Market,,supermarket,,,,,,,,,,,,,,,,,,,,,,,,,,,,,,,,,,,,,,,,Manapackam,,,,,,,,,,,,,,,,,
POINT (80.2453424 12.9636492),Nilgiri's,Q17079567,,Nilgiri's,,supermarket,,,,,,,,,,,,,,,,,,,,,,,,,,,,,,,,,,,,,,,,,,,,,,,,,,,,,,,,,
POINT (80.2173031 13.0922181),Reliance Fresh,Q7311014,en:Reliance Fresh,Reliance Fresh,,supermarket,,,,,,,,,,,,,Reliance,,,,,,,,,,,,,,,,,,,,,,,,,,,,,,,,,,,,,,,,,,,,
POINT (80.1917975 12.9827037),,,,Sugar N Spice,,supermarket,,,,,,,,,,,,,,,,,,,,,,,,,,,,,,,,,,,,,,,,,,,,,,,,,,,,,,,,,
POINT (80.221979 12.9841137),,,,Pazhamudhir Cholai,,supermarket,Chennai,600042,Jagannathapuram 1st Main road,,,,,,,,http://www.pazhamudhircholai.com,,,1,,,,,,,,,,,,,,,,,,,,+91 44 2255 3555,33AALFP4650J1Z2,,,,,,,,,,,,,,,,,,,,,,
POINT (80.2226282 12.9837296),Nilgiri's,Q17079567,,Nilgiri's,,supermarket,,,,,,,,,,,,,,,,,,,,,,,,,,,,,,,,,,,,,,,,,,,,,,,,,,,,,,,,,
POINT (80.2188199 12.9905101),,,,Buy Bazaar,,supermarket,,,,,,,,,,,,,,,,,,,,,,,,,,,,,,,,,,,,,,,,,,,,,,,,,,,,,,,,,
POINT (80.2023937 12.965964),,,,GMart,,supermarket,,,,,,,,,,,,,GMart,,,,,,,,,,,,,,,,,,,,,,,limited,,,,,,,,,,,,,,,,,,,,,
POINT (80.1862123 13.0430957),,,,Grace supermarket,கிரேஸ் சிறப்பு அங்காடி,supermarket,,,,,,,,,,,,,,,,,,,,,,,,,,,,,,,,,,,,,,,,,,,,,,,,,,,,,,,,,
POINT (80.1745662 13.0175064),,,,Grow SuperMarket Manapakkam,,supermarket,,,,,,,,,,,,,,,,,,,,,,,,,,,,,,,,,,,,,,,,,,,,,,,,,,,,,,,,,
POINT (80.2618804 12.9828491),,,,Singapore Shoppe,,supermarket,Chennai,600041,1st Seaward Road,,,,,,,,,,,,,,,,,,,,,,,,,,,,,,,,,,,,,,,,,,,,,,,,,,,,,,
POINT (80.2592138 13.0388272),,,,Wait Rose,,supermarket,,,,,,,,,,,,,,,,,,,,,,,,,,,,,,,,,,,,,,,,,I believe this isn't by the guys who run London's waitrose.,,,,,,,,,,,,,,,,
POINT (80.266752 13.0325923),,,,Sri Krishna Stores,,supermarket,,,,,,,,,,,,,,,,,,,,,,,,,,,,,,,,,,,,no,,,,,,,,,,,,,,,,,,,,,
POINT (80.2528473 13.0597092),Nilgiri's,Q17079567,,Nilgiri's,,supermarket,,,,,,,,,,,,,,,,,,,,,,,,,,,,,,,,,,044-28290119,,,,,,,,,,,,,,,,,,,,,,,
POINT (80.2505372 13.0070553),,,,Style One,,supermarket,,,,,,,,,,,,,,,,,,,,,,,,,,,,,,,,,,,,,,,,,,,,,,,,,,,,,,,,,
POINT (80.2224448 13.0253001),More,Q6910891,en:More (store),More,,supermarket,,,,,,,,,,,,,,,,,,,,,,,,,,,,,,,,,,,,,,,,,,,,,,,,,,,,,,,,,
POINT (80.2214489 13.0385168),Reliance Fresh,Q7311014,en:Reliance Fresh,Reliance Fresh,,supermarket,,,,,,,,,,,,,,,,,,,,,,,,,,,,,,,,,,,,,,,,,,,,,,,,,,,,,,,,,
POINT (80.2405136 12.9969608),,,,Ambika Retail,,supermarket,,,,,,,,,,,,,,,,,,,,,,,,,,,,,,,,,,,,yes,,,,,,,,,,,,,,,,,,,,,
POINT (80.2509856 13.0071295),,,,Reliance Trends,,supermarket,,,,,,,,,,,,,,,,,,,,,,,,,,,,,,,,,,,,,,,,,,,,,,,,,,,,,,,,,
POINT (80.2598799 13.0989018),,,,ARS SUPER MARKET,,supermarket,CHENNAI,600011,Perambur Barracks Rd,,,,,,,,,,ARAVIND,111,,,,,,,,,,,,,,,,,,,,,,,,,,,,,,,,,,,,,,,,,,,
POINT (80.1955743 13.0597055),,,,Lakshmi Stores,,supermarket,,,,,,,,,,,,,,,,,,,,,,,,,,,,,,,,,,,,,,,,,,,,,,,,,,,,,,,,,
POINT (80.2101801 13.0034121),,,,Madras Supermarket,,supermarket,,600032,Maduvankarai Bridge,,,,,,,,,,,,,,,,,,,,,,,,,,,,,,,,,,,,,,,,,,,,,,,,,,,,,,
POINT (80.2246263 13.0686453),,,,Kovai Pazhamudir Nilayam,,supermarket,,600094,Nelson Manickam Road,,,,,,,,,,,,,,,,,,,,,,,,,,,,,,,,,,,,,,,,,,,,,,,,,,,,,,
POINT (80.2248039 13.0698579),Nilgiri's,Q17079567,,Nilgiri's,,supermarket,,600094,Nelson Manickam Road,,,,,,,,,,,,,,,,,,,,,,,,,,,,,,,,,,,,,,,,,,,,,,,,,,,,,,
POINT (80.2144512 13.024337),,,,Sumal Vegetables Market,,supermarket,,,West Jones Road,,,,,,,,,,,,,,,,,,,,,,,,,,,,,,,,,,,,,,,,,,,,,,,,,,,,,,
POINT (80.251867 13.0064298),,,,,,supermarket,,,,,,,,,,,,,,,,,,,,Ambika Appalam Depot,,,,,,,,,,,,,,,,,,,,,,,,,,,,,,,,,,,,,
POINT (80.2181179 12.9839879),,,,,,supermarket,,,,,,,,,,,,,,,,,,,,pazhamuthir sollai,,,,,,,,,,,,,,,,,,,,,,,,,,,,,,,,,,,,,
POINT (80.2093652 12.9648137),,,,Shine Supermarket,,supermarket,,,,,,,,,,,,,,,,,,,,,,,,,,,,,,,,,,,,no,,,,,,,,,,,,,,,,,,,,,
POINT (80.2362976 13.0143187),,,,gurunath stores,,supermarket,chennai,600025,sardar patel road anna university ceg campus,,,,,,,,,,private operator,,,,,,,,,,,,,,,,,,,,,,,,,08:30-20:30,,,,,,,,,,,,,,,,,,,
POINT (80.2297373 13.0379675),,,,Saravana Stores Super Market,,supermarket,t.nagar,600 017,Ramanathan Street,,,,,,,,,,,,,,,,,,,,,,,,,,,,,,,,,,,,,,,,,,,,,,,,,,,,,,
POINT (80.2306035 13.0356535),,,,,,supermarket,,,South Usman Road,,,,,,,,,,,,,,,,,Pothys Hyper Super Market,,,,,,,,,,,,,,,,,,,,,,,,,,,,,,,,,,,,,
POINT (80.2294591 13.03801),,,,,,supermarket,,600 017,Ramanathan Street,,,,,,,,,,,,,,,,,Saravana Super Market,,,,,,,,,,,,,,04424314242,,,,,,,,,,,,,,,,,,,,,,,
POINT (80.2776473 13.0839331),,,,,,supermarket,,,,,,,,,,,,,,,,,,,,Praveen Plastic,,,,,,,,,,,,,,,,,,,,,,,,,,,,,,,,,,,,,
POINT (80.2307424 12.9856682),,,,Sri Ayyanaar Store,,supermarket,Chennai,600042,Gandhi Road,,,,,,,,,,,,,,,,,,yes,no,no,,,,,,,,,,,,,no,,08:30-20:30,,Velacheri;Chennai;Tamilnadu;TN;India;IN,,IN,Velachry,not a super market but have most of grocery items except vegetables it is more than a conveniencestore,yes,no,no,yes,,,,,,,,,
POINT (80.1927849 13.0379652),,,,,,supermarket,,600078,Anna Main Road,,,,,,,,,,,,,,,,,SUPER MARKET,,,,,,,,,,,,,,,,,,,,,,,,,,,,,,,,,,,,,
POINT (80.2249871 12.9862638),,,,Sri Periyandavar Super Market,,supermarket,,,,,,,,,,,,,,,,,,,,,,,,,,,,,,,,,,,,,,,,,,,,,,,,,,,,,,,,,
POINT (80.1881554 13.0871698),,,,Annachi Supermarket,அண்ணாச்சி சிறப்பு அங்காடி,supermarket,,,"Bazaar Rd, Thirumangalam, Collector Nagar, J J Nagar, Mogappair East, Chennai, Tamil Nadu 600101",,,,,,,,,,,,,,,,,,,,,,,,,,,,,,,+9195662 52790,,,,Mo-Sa 08:00-23:00; Su 10:00-21:30,,,,,,,,,,,Grocery Super Market,,,,,,,,
POINT (80.199766 13.085416),,,,Nilgris Supermarket,,supermarket,,,"2nd Avenue, Anna Nagar",,,,,,,,,,,,,,,,,,,,,,,,,,,,,,,,,,,,,,,,,,,,,,,,,,,,,,
POINT (80.1670292 13.081515),,,,DR SUPER MARKET,,supermarket,Chennai,600037,"Ramalingam Salai, 4th Block, Mogappair West, Ambattur Industrial Estate",,,,,,,,,,,4/744,,,,,,,,,,,,,,,,,,,,,,,,Mo-Su 08:00-22:00,,,,,,,,,,,,,,,,,,,
POINT (80.2621523 12.9771822),,,,,,supermarket,,,,,,,,,,,,,,,,,,,,,,,,,,,,,,,,,,,,,,,,,,,,,,,,,,,,,,,,,
POINT (80.2781615 13.0845384),,,,,,supermarket,,600003,South Mint Street,,,,,,,,,,,502/266,,,,,,Eshwararam Metals,,,,,,,,,,,,,,,,,,,,,,,,,,,,,,,,,,,,,
POINT (80.2295534 12.9813012),,,,Ayya SuperMarket,,supermarket,,,,,,,,,,,,,,,,,,,,,,,,,,,,,,,,,,,,,,,,,,,,,,,,,,,,,,,,,
POINT (80.2089352 12.9799898),,,,JK Super Market,,supermarket,,,"Aandal Nagar, 6th Cross Street, Adambakkam - 600088",,,,,,,,,,,,,,,,,,,,,,,,,,,,,,,,,,,,,,,,,,,,,,,,,,,,,,
POINT (80.1966386 13.0874539),,,,Annachi Super Market,,supermarket,,,,,,,,,,,,,,,,,,,,,,,,,,,,,,,,,,,,,,,,,,,,,,,,,,,,,,,,,
POINT (80.2681846 13.0175213),,,,,,supermarket,,,,,,,,,,,,,,,,,,,,,,,,,,,,,,,,,,,,,,,,,,,,,,,,,,,,,,,,,
POINT (80.2407688 13.045587),,,,Nuts and Spices,,supermarket,,,,,,,,,,,,,,,,,,,,,,,,,,,,,,,,,,,,,,,,,,,,,,,,,,,,,,,,,
POINT (80.2406636 13.0455141),Nilgiri's,Q17079567,,Nilgiri's,,supermarket,,,,,,,,,,,,,,,,,,,,,,,,,,,,,,,,,,,,,,,,,,,,,,,,,,,,,,,,,
POINT (80.1978426 13.079402),,,,,,supermarket,,,,,,,,,,,,,,,,,,,,VR Mall,,,,,,,,,,,,,,,,,,Mo-Su 10:00-22:00,,,,,,,,,,,,,,,,,,,
POINT (80.1570095 13.1011119),,,,Neo Supermarket,,supermarket,"Ambattur, Chennai",600058,"Thiruppur Kumaran Street, VGN Shanthi Nagar, Ambattur, Chennai",,,,,,,,,,,"CSA2, 8",,,,,,,yes,,yes,,,,,,,,,,,9444258291,,,,,,,,,,,,,,,,,,,,,,,
POINT (80.2455557 13.054753),,,,Helice,,supermarket,,,,,,,,,,,,,,,,,,,,,,,,,,,,,,,,,,,,,,,,,,,,,,,,,,,,,,,,,
POINT (80.2456105 13.0554705),,,,Rajendran Store,,supermarket,,,,,,,,,,,,,,,,,,,,,,,,,,,,,,,,,,,,,,,,,,,,,,,,,,,,,,,,,
POINT (80.2457969 13.0553682),,,,Angadi,,supermarket,,,,,,,,only,,,,,,,,,,,,,,,,,,,,,,,,,,,,,,,,,,,,,,,,,,,,,,,,,
POINT (80.2430596 13.0574051),,,,Grace World,,supermarket,,,,,,,,,,,,,,,,,,,,,,,,,,,,,,,,,,,,,,,,,,,,,,,,,,,,,,,,,
POINT (80.2439087 12.9695845),,,,WhatsFresh,,supermarket,Perungudi,600096,Dr MGR Main Road,,,,,,,,,,WhatsFresh,"40, Global Infocity",,,,,,,,,,,,,,,,,,,,,,,,,,,,,,,,,,,,,,,,,,,
POINT (80.1602804 13.0210736),,,,Arush Retail Supermarket,,supermarket,Mugalivakkam,600125,Mugalivakkam Main Road,,,,,,,,,,,1,yes,,,,,,yes,yes,yes,yes,,yes,,,,,,,,,,,,Mo-Su 07:00-22:00,,,,,,,yes,,,,,yes,,,,,,,
POINT (80.2155103 13.0342714),,,,Nuts N Spices,,supermarket,Chennai,600033,,,,,,,,,,,,,,,,,,,,,,,,,,,,,,,,,,,,,,,,,,,,,,,,,,,,,,,
POINT (80.2151382 13.0341642),,,,Grace Super Market,,supermarket,Chennai,600033,,,,,,,,,,,,,,,,,,,,,,,,,,,,,,,,,,,,,,,,,,,,,,,,,,,,,,,
POINT (80.2360977 12.9665853),,,,Krishna Supermarket,,supermarket,,,,,,,,,,,,,,,,,,,,,,,,,,,,,,,,,,,,,,,,,,,,,,,,,,,,,,,,,
POINT (80.1897943 13.0932135),,,,Prabhuraja supermarket,,supermarket,Chennai,600050,"NSC Bose st, Kumaran nagar,Padi",,,,,,,,,,,139,,,,,,,yes,,,yes,,,,,,,,,,,,,,Mo-Su 09:00-21:00,,,,,,,,,,,,,,,,,,,
POINT (80.1480943 13.1214544),,,,Singapore Shopping,,supermarket,,,,,,,,,,,,,,,,,,,,,,,,,,,,,,,,,,,,,,,,,,,,,,,,,,,,,,,,,
POINT (80.1537233 13.1189931),,,,Grace Supermarket,,supermarket,,,,,,,,,,,,,,,,,,,,,,,,,,,,,,,,,,,,,,,,,,,,,,,,,,,,,,,,,
POINT (80.268615 13.0474258),,,,அமுதம் பல்பொருள் சிறப்பு அங்காடி(சுய சேவை பிரிவு),,supermarket,,,VM St,,,,,,,,,,,430,,,,,,Amudham Super Market,,,,,,,,,,,,,,,,,,Mo-Su 08:00-20:00,,,,,,,,,,,,,,,,,,,
POINT (80.2123238 13.0284745),,,,Ray Mart Supermarket,,supermarket,,,"No 1, Gangai Amman Koil St, Barathi Block, VSM Garden, West Jafferkhanpet, Chennai, Tamil Nadu 600083",,,,,,,,,,,,,,,,,,,,,,,,,,,,,,,044 2489 1942,,,,Mo-Su 09:30-21:30,,,,,,,,,,,,,,,,,,,
POINT (80.2088159 13.0299976),,,,Visalam Supermarket,,supermarket,,,"97/98, 1, Jawaharlal Nehru Road, Ashok Nagar, Chennai, Tamil Nadu 600083",,,,,,,,,,,,,,,,,,,,,,,,,,,,,,,044 2489 0527,,,,Mo-Su 09:00-23:00,,,,,,,,,,,,,,,,,,,
POINT (80.2323815 13.0365972),,,,Bharath Gem Testing Lab,,supermarket,Chennai,600017,Mothilol street,,,,,,,,,,,42,,,,,,,yes,,,,,,,,,,,,,+914424338725,,,,Mo-Sa 10:00-19:00,,,,,,,,,,,,,,,,,,,
POINT (80.2513463 12.9983201),,,,Dhanyam organic shop,,supermarket,Chennai,600020,Indira Nagar 3rd Ave,,,,,only,,,https://dhanyam.in/,,,,,,,,,,yes,,yes,,,,,,,,,,,,,,,,,,,,,,,,,,,,,,,,,,
POINT (80.2211935 12.9761125),,,,Dhanyam Organic store,,supermarket,Chennai,600045,Velachery Main Road,,,,,only,,,https://dhanyam.in/,,,,,,,,,,yes,,yes,,,,,,,,,,,,,,,,,,,,,,,,,,,,,,,,,,
POINT (80.2443029 13.0445056),,,,Dhanyam organic store,,supermarket,chennai,600017,Doctor Shivaji Ganesan Road,,,,,only,,,https://dhanyam.in/,,,,,,,,,,yes,,yes,,,,,,,,,,,,,,,,,,,,,,,,,,,,,,,,,,
POINT (80.212224 13.0838561),,,,Dhanyam Organic shop,,supermarket,Chennai,600040,4th Street,,,,,only,,,https://dhanyam.in/,,,,,,,,,,yes,,yes,,,,,,,,,,,,,,,,,,,,,,,,,,,,,,,,,,
POINT (80.2534825 12.942059),,,,Dhanyam organic store,,supermarket,Chennai,,East Coast Road SH49,,,,,only,,,https://dhanyam.in/,,,,,,,,,,yes,,yes,,,,,,,,,,,,,,,,,,,,,,,,,,,,,,,,,,
POINT (80.2436443 12.87087),Nilgiri's,Q17079567,,Nilgiri's,,supermarket,,,,,,,,,,,,,,,,,,,,,,,,,,,,,,,,,,,,,,,,,,,,,,,,,,,,,,,,,
POINT (80.2807246 13.0859974),,,,C.S.Rajasundaram Chetty & Sons.,,supermarket,Chennai,600003,"Rattan Bazaar Road, Park Town,",,,,,,,,,,"Cloth, Bed & Matters shop.",,,,,,,,,,,,,,,,,,,,,044 25353104,,,,09:30-21:00,,,,,,,,,,,,,,,,,,,
POINT (80.1911414 12.9720719),,,,C K Selvam Super Store,,supermarket,Chennai,600091,Medavakkam Main Road,,,,,,,,,,,,,,,,,,,,,,,,,,,,,,,+91 44 2224 7484;+91 44 2224 7385;+91 96006 45713;+91 96006 45714,,,,Mo-Su 09:00-21:00,,,,,,,,,,,,,Ullagaram Madipakkam,,,,,,
POINT (80.1905786 12.9709195),More,Q6910891,en:More (store),More,,supermarket,Chennai,600091,Mount - Medavakkam Road,,,,,,,,,,Aditya Birla Retail Limited,1,,,,,,,,,,,,,,,,,,,,+91 74488 07619,,,,Mo-Su 09:00-21:00,,,,,,,,,,,,,,0,,,,,
POINT (80.2188896 12.9716144),,,,Sri Kannan Super Stores,,supermarket,,,,,,,,,,,,,,,,,,,,,,,,,,,,,,,,,,,,,,,,,,,,,,,,,,,,,,,,,
POINT (80.240596 13.044123),More,Q6910891,en:More (store),More,,supermarket,,,,,,,,,,,,,,,,,,,,,,,,,,,,,,,,,,,,,,,,,,,,,,,,,,,,,,,,,
POINT (80.183571 13.0469663),,,,Grace Supermarket,,supermarket,,,,,,,,,,,,,Grace,,,,,,,,,,,,,,,,,,,,,,,,,,,,,,,,,,,,,,,,,,,,
POINT (80.2061677 13.0853781),,,,Santhosh Supermarket,,supermarket,,,,,,,,,,,,,,,,,,,,,,,,,,,,,,,,,,,,,,,,,,,,,,,,,,,,,,,,,
POINT (80.2547228 13.0309488),,,,,,supermarket,,600018,Abhiramapuram 4th Street,,,,,,,,https://www.terraearthfood.com,,,39,,,,,,Terra Earthfood Store,,,,,,,,,,,,,,+91 44 42088800,,,,Mo-Su 08:30-20:30,,,,,,,,,,,,,,,,,,,
POINT (80.2640619 12.9945334),,,,Alchemy Media Marketing,,supermarket,Chennai,600090,Rukmani Road,,,,,,,,https://alchemy-media-marketing.com,,,56/16,,,,,,,,,,,,,,,,,,,,,,,,Mo-Fr 09:00-17:00,,,,,,,,,,,Home improvement Products,,,,,,,,
POINT (80.2014918 13.1255155),,,,Venkateshwara fruit shop,,supermarket,,,,,,,,,,,,,,,,,,,,,,,,,,,,,,,,,,,,,,,,,,,,,,,,,,,,,,,,,
POINT (80.2017441 13.126522),,,,Reliance super market,,supermarket,,,,,,,,,,,,,,,,,,,,,,,,,,,,,,,,,,,,,,,,,,,,,,,,,,,,,,,,,
POINT (80.216663 12.9911157),Big Bazaar,Q3631008,,Big Bazaar,,supermarket,,,,,,,,,,,,,,,,,,,,,,,,,,,,,,,,,,,,,,,,,,,,,,,,,,,,,,,,,
POINT (80.2210455 13.0077889),,,,TecEx India Private Limited,,supermarket,Chennai,600032,"Little Mount, Kotturpuram",,,,,,,,https://tecex.com/,,,2669+M7G,,,,,,,,,,,,,,,,,,,,(02) 9056 4057,,,,Mon - Thu 8:00-18:00; Fri 8:00 - 17:00,,,,,,,,,,,TecEx is a leading provider of import/export and compliance solutions for the IT industry. Our team of professionals is committed to providing seamless and secure transportation of IT hardware and technology equipment worldwide.,,,,https://local-platform.s3.us-east-2.amazonaws.com/location/logo/53918/9AhONWTswKTcdKQzHlOZ01BkGTwagNV8QnxyYJH6.png,,,,
POINT (80.1655614 13.0759757),,,,Jeevan,,supermarket,,,,,,,,,,,,,,,,,,,,,,,,,,,,,,,,,,,,,,Mo-Su 09:00-21:00,,,,,,,,,,,,,,,,,,,
POINT (80.1714303 13.0777907),,,,Smart Bazzar,,supermarket,,,,,,,,,,,,,,,,,,,,,,,,,,,,,,,,,,,,,,,,,,,,,,,,,,,,,,,,,
POINT (80.2263691 13.0473227),,,,Grace Super market,,supermarket,,,,,,,,,,,,,,,,,,,,,,,,,,,,,,,,,,,,,,,,,,,,,,,,,,,,,,,,,
POINT (80.2795842 13.0944353),,,,Gupta pan bhandar,,supermarket,,,,,,,,,,,,,,,,,,,,,,,,,,,,,,,,,,,,,,,,,,,,,,,,,,,,,,,,,
POINT (80.279808 13.0956228),,,,Rakshkumar & Co,,supermarket,,,,,,,,,,,,,,,,,,,,,,,,,,,,,,,,,,,,,,,,,,,,,,,,,,,,,,,,,
POINT (80.2017243 13.1286953),,,,grace supermarket,,supermarket,,,,,,,,,,,,,,,,,,,,,,,,,,,,,,,,,,,,,,,,,,,,,,,,,,,,,,,,,
POINT (80.2017644 13.1295276),,,,Sivaram stores,,supermarket,,,,,,,,,,,,,,,,,,,,,,,,,,,,,,,,,,,,,,,,,,,,,,,,,,,,,,,,,
POINT (80.2402905 12.9412022),,,,Amma Super Market,,supermarket,,,,,,,,,,,,,,,,,,,,,,,,,,,,,,,,,,,,,,,,,,,,,,,,,,,,,,,,,
POINT (80.1534391 13.1262141),Nilgiri's,Q17079567,,Nilgiri's,,supermarket,,,,,,,,,,,,,,,,,,,,,,,,,,,,,,,,,,,,,,,,,,,,,,,,,,,,,,,,,
POINT (80.1532965 13.0148344),,,,Nikis SuperMarket,,supermarket,,,,,,,,,,,,,,,,,,,,,,,,,,,,,,,,,,,,,,,,,,,,,,,,,,,,,,,,,
POINT (80.2240167 13.0131367),,,,Daniel Super Market,,supermarket,,,,,,,,,,,,,,,,,,,,,,,,,,,,,,,,,,,,,,,,,,,,,,,,,,,,,,,,,
POINT (80.2546834 13.0090742),,,,Vanga Vanga,,supermarket,,,,,,,,,,,,,,,,,,,,,,,,,,,,,,,,,,,,,,,,,,,,,,,,,,,,,,,,,
POINT (80.2539882 13.0096655),,,,Green Bean,,supermarket,,,,,,,,,,,,,,,,,,,,,,,,,,,,,,,,,,,,,,,,,,,,,,,,,,,,,,,,,
POINT (80.2519401 13.0097391),,,,Fresh2day,,supermarket,,,,,,,,,,,,,,,,,,,,,,,,,,,,,,,,,,,,,,,,,,,,,,,,,,,,,,,,,
POINT (80.2200924 12.9720714),DMart,Q5203271,,DMart,,supermarket,,,,,,,,,,,,,,,,,2026-03-11,,,,yes,yes,yes,,,,,,,,,,,,,,,,,,,,,,,,,,,,,0;1,,,,,
POINT (80.2084569 13.1027446),,,,,,supermarket,,600049,Madras Tiruvallur High Road,,,,,,,,,,,,,,2026-03-11,,,Grace Supermarket,,,,,,,,,,,,,,,,,,,,,,,,,,,,,,,,,,,,,
POINT (80.2705059 13.0338908),,,,Ambika Appalam Depot ( Department Store ),,supermarket,,,,,,,,,,,,,,,,,,,,,,,,,,,,,,,,,,,,,,Mo-Su 09:00-21:00,,,,,,,,,,,,,,,,bdcdbef0-3c84-4181-bf28-e00faec9dafa,,,
POINT (80.1794808 13.0868082),,,,Sri Balaji Supermarket,,supermarket,,,,,,,,,,,,,,,,,2026-06-03,,,,,,,,,,,,,,,,,,,,,,,,,,,,,,,,,,,,,,,,
POINT (80.2178059 12.9876878),,,,Diyamart,,supermarket,Chennai,600042,Marudupandi Street,,,,,,,,https://www.diyamart.com/,,,2,yes,,,,,,,,,,,,,,,,,,,+919445477032,,,,,,,,,,,,,,,,,,,,,Chennai,,
"POLYGON ((80.2177812 13.0901849, 80.2179756 13.0901875, 80.2179743 13.0900895, 80.2177785 13.0900882, 80.2177812 13.0901849))",,,,Yesesi Supermarket,,supermarket,,,,,,,,,,,,,,,,,,,,,,,,,,,,,,,,,,,,,,,,,,,,,,,,,,,,,,,,yes,
"POLYGON ((80.2058621 13.0849276, 80.2058542 13.0847862, 80.2060997 13.0847836, 80.206105 13.0849173, 80.2058621 13.0849276))",,,,Santosh Super Stores,,supermarket,,,,,,,,,,,,,,,,,,,,,,,,,,,,,,,,,,,,,,,,,,,,,,,,,,,,,,,,,
"POLYGON ((80.2215507 13.024358, 80.2216746 13.0243666, 80.2216551 13.0246752, 80.221533 13.0246666, 80.2215507 13.024358))",Reliance Fresh,Q7311014,en:Reliance Fresh,Reliance Fresh,,supermarket,Saidapet,600015,Tank Square Street,,,,,,,,,,Reliance Industries,,,,,,,,,,,,,,,,,,,,,,,,,,,,,,,,,,,,,,,,,,,,
"POLYGON ((80.1692619 13.1319648, 80.1694771 13.1319472, 80.1694658 13.1318166, 80.1692506 13.1318342, 80.1692619 13.1319648))",,,,Reliance Smart Superstore,,supermarket,,,,,,,,,,,,,,,,,,,,,,,,,,,,,,,,,,,,,,,,,,,,,,,,,,,,,,,,yes,
"POLYGON ((80.1490986 13.1229214, 80.1493722 13.1226931, 80.1493636 13.1226441, 80.1493252 13.1226036, 80.1490478 13.122865, 80.1490986 13.1229214))",,,,Ponnu Super Market,,supermarket,,,,,,,,,,,,,,,,,,,,,,,,,,,,,,,,,,,,,,,,,,,,,,,,,,,,,,,,yes,
"POLYGON ((80.1783372 13.0164561, 80.1784771 13.0164246, 80.1784434 13.0162828, 80.1783035 13.0163144, 80.1783372 13.0164561))",Nilgiri's,Q17079567,,Nilgiri's,,supermarket,,,,,,,,,,,https://www.nilgiris1905.com/,,Nilgiris1905,,,,,,,,,,,,,,,,,,,,,,,,,,,,,,,,,,,,,,,,,,,yes,
"POLYGON ((80.2437089 12.9599603, 80.243817 12.9599241, 80.2437435 12.9597092, 80.2436233 12.9597453, 80.2436685 12.9598553, 80.2437089 12.9599603))",,,,JK Supermart,,supermarket,,,,,,,,,,,,,,,,,,,,,,,,,,,,,,,,,,,,,,Mo-Su 09:00-22:00,,,,,,,,,,,,,,,,,,yes,
"POLYGON ((80.227011 13.0489507, 80.2271254 13.0489247, 80.2271086 13.0488543, 80.2269942 13.0488802, 80.227011 13.0489507))",,,,Pazhamudhir Nilayam,,supermarket,,,Viswanathapuram Main Road,,,,,,,,,,,,,,,,,,,,,,,,,,,,,,,,,,,,,,,,,,,,,,,,,,,,,yes,
"POLYGON ((80.2049645 12.9656845, 80.2050659 12.9656636, 80.2050495 12.9655882, 80.2049481 12.9656092, 80.2049645 12.9656845))",,,,Himalayas supermarket,,supermarket,,,,,,,,,,,,,,,,,,,,,,,,,,,,,,,,,,,,limited,,,,,,,,,,,,,,,,,,,,yes,
"POLYGON ((80.2217708 13.0649738, 80.2219079 13.0649563, 80.2218865 13.0647968, 80.2217494 13.0648143, 80.2217708 13.0649738))",,,,Annachi Kadai,,supermarket,,,,,,,,,,,,,,,,,,,,,,,,,,,,,,,,,,,,,,,,,,,,,,,,,,,,,,,,yes,
"POLYGON ((80.2051679 12.9375889, 80.205718 12.9375271, 80.2056949 12.9373776, 80.2051486 12.9374258, 80.2051679 12.9375889))",More,Q6910891,,More,,supermarket,,,,,,,,,,,,,,,,,,,,,,,,,,,,,,,,,,,,,,,,,,,,,,,,,,,,,,,,yes,
"POLYGON ((80.224531 13.075879, 80.2247579 13.0758607, 80.2247505 13.075773, 80.2245235 13.0757913, 80.224531 13.075879))",,,,Muthu Super Market,,supermarket,,,Ayyavoo Street,,,,,,,,,,,,,,,,,,,,,,,,,,,,,,,,,,,,,,,,,,,,,,,,,,,,,yes,
"POLYGON ((80.2640384 13.0478346, 80.2641824 13.0478241, 80.2641608 13.0475439, 80.2640168 13.0475545, 80.2640384 13.0478346))",,,,Spencer's Food World,,supermarket,chennai,600014,Avvai Shanmugam Salai,,,,,yes,,,https://www.spencers.in/,,,,,,,,,,,yes,,,,,,,,,,,,,,,,,,,,,,,,,,,,,,,,,,yes,
"POLYGON ((80.151626 13.1192602, 80.1515352 13.1192866, 80.1515806 13.1194252, 80.1516758 13.119403, 80.151626 13.1192602))",,,,Rajan Supermarket,,supermarket,Chennai,,North Park Street,,,,,,,,,,,,,,,,,,,,,,,,,,,,,,,,,,,,,,,,,,,,,,,,,,,,,yes,
"POLYGON ((80.1499834 13.1224116, 80.1502271 13.1223605, 80.1502087 13.1221804, 80.1499482 13.1222351, 80.1499834 13.1224116))",,,,Pasumai Pazhamudir Nilayam,,supermarket,Chennai,600053,Old Township Road,,,,,,,,,,,,,,,,,,yes,yes,yes,,yes,,,,,,,,,,,,,Mo-Su 7:30-22:00,,,,,,,,,,,,,,,,,,yes,yes
"POLYGON ((80.1519857 13.1186438, 80.1518249 13.1187075, 80.1519429 13.1189831, 80.1521038 13.1189267, 80.1519857 13.1186438))",,,,blinkit Grocery store,,supermarket,,,,,,,,,,,,,,,,,,,,,,,,,,,,,,,,,,,,,,,,,,,,,,,,,,,,,,,,yes,
"POLYGON ((80.2193299 13.0664605, 80.2194115 13.0664724, 80.219445 13.0662543, 80.2193635 13.0662424, 80.2193299 13.0664605))",,,,Velammal Store,,supermarket,,,,,,,,,,,,,,,,,,,,,,,,,,,,,,,,,,,,,,,,,,,,,,,,,,,,,,,,yes,
"POLYGON ((80.1480419 13.1215332, 80.1482401 13.1214007, 80.1478943 13.1212541, 80.1478586 13.1212734, 80.1480419 13.1215332))",,,,,,supermarket,,,,,,,,,,,,,,,,,,,,,,,,,,,,,,,,,,,,,,,,,,,,,,,,,,,,,,,,yes,
"POLYGON ((80.2360693 12.9666734, 80.2361282 12.9666671, 80.2361151 12.9665259, 80.2360585 12.9665354, 80.2360693 12.9666734))",,,,,,supermarket,,,,,,,,,,,,,,,,,,,,,,,,,,,,,,,,,,,,,,,,,,,,,,,,,,,,,,,,commercial,
"POLYGON ((80.1519012 13.1184589, 80.1521362 13.1183479, 80.1520021 13.118084, 80.1517627 13.118216, 80.1519012 13.1184589))",,,,Farm Bazzar,,supermarket,,,North Park Street,,,,,,,,,,,,,,,,,,,,,,,,,,,,,,,,,,,,,,,,,,,,,,,,,,,,,yes,
"POLYGON ((80.1536677 13.1190702, 80.1538001 13.1190549, 80.1537748 13.1188469, 80.1536424 13.1188622, 80.1536677 13.1190702))",,,,,,supermarket,,,,,,,,,,,,,,,,,,,,,,,,,,,,,,,,,,,,,,,,,,,,,,,,,,,,,,,,yes,
"POLYGON ((80.1496324 13.1203268, 80.1496025 13.1202327, 80.1498641 13.1199309, 80.1499181 13.1202728, 80.1496324 13.1203268))",,,,Kaveri Supermarket,,supermarket,Chennai,600053,Chennai - Tiruttani - Renigunta Road,,,,,,,,,,,,,,,,,,yes,yes,yes,,yes,,,,,,,,,,,,,,,,,,,,,,,,,,,,,,Chennai,yes,
"POLYGON ((80.2377171 12.987615, 80.2379129 12.9876163, 80.2379176 12.9875458, 80.2378714 12.9875451, 80.237872 12.9875562, 80.2377567 12.9875562, 80.2377574 12.9875438, 80.2377171 12.9875431, 80.2377171 12.987615))",,,,Prime Mart,,supermarket,,,,,,,,,,,,,,,,,,,,,,,,,,,,,,,,,1,,,yes,,Mo-Su 09:00-21:30; PH open,,,,,,,,,,,,,,0,,,,yes,
"POLYGON ((80.2366948 12.9566322, 80.2376389 12.9564845, 80.2376108 12.9562584, 80.2372755 12.9562545, 80.2372326 12.9552233, 80.2368665 12.9552495, 80.2369443 12.9561565, 80.2366425 12.9561931, 80.2366948 12.9566322))",DMart,Q5203271,,DMart,,supermarket,,,,,,,,,,,,retail,,,,,,,,,,,,,,,,,,,,,,,,,,,,,,,,,,,,,,,,,,,,,
"POLYGON ((80.1523596 13.1185358, 80.1525585 13.1184648, 80.1525296 13.1183185, 80.1523126 13.1184323, 80.1523596 13.1185358))",,,,SSK Super Mart,,supermarket,,,,,,,,,,,,,,,,,,,,,,,,,,,,,,,,,,,,,,,,,,,,,,,,,,,,,,,,yes,
